session,created,modified,ended,expired,treat,treat1,treat2,first_topic,abs1_tsm_1,abs1_tsm_2,abs1_tsm_3,abs1_tsm_4,abs1_tsc_1,abs1_tsc_2,abs1_tsc_3,abs1_tru_exp_1,abs1_tru_exp_2,abs1_tru_exp_3,abs1_tru_exp_4,abs1_tru_exp_5,abs1_tru_exp_6,abs1_tru_int_1,abs1_tru_int_2,abs1_tru_int_3,abs1_tru_int_4,abs1_tru_ben_1,abs1_tru_ben_2,abs1_tru_ben_3,abs1_tru_ben_4,abs1_tch_1,abs1_tch_2,abs1_tch_3,abs1_tch_4,abs1_tch_5,abs2_tsm_1,abs2_tsm_2,abs2_tsm_3,abs2_tsm_4,abs2_tsc_1,abs2_tsc_2,abs2_tsc_3,abs2_tru_exp_1,abs2_tru_exp_2,abs2_tru_exp_3,abs2_tru_exp_4,abs2_tru_exp_5,abs2_tru_exp_6,abs2_tru_int_1,abs2_tru_int_2,abs2_tru_int_3,abs2_tru_int_4,abs2_tru_ben_1,abs2_tru_ben_2,abs2_tru_ben_3,abs2_tru_ben_4,abs2_tch_1,abs2_tch_2,abs2_tch_3,abs2_tch_4,abs2_tch_5,tsm_1,tsm_2,tsm_3,country,country_oth,abs1_tsm,abs1_tsc,abs1_tru_exp,abs1_tru_int,abs1_tru_ben,abs1_tch,abs2_tsm,abs2_tsc,abs2_tru_exp,abs2_tru_int,abs2_tru_ben,abs2_tch,tsm,sex,age,education
__PInpDB0LD_MiNj22CyH_IOyIRKdJzsYrBno_H0VByYDdzLu7K-JADECWmVJW0y,2020-12-18T08:06:05Z,2020-12-18T08:14:39Z,2020-12-18T08:14:39Z,NA,gb,gb,cb,robot,3,3,2,3,3,2,3,4,3,3,4,4,4,3,3,3,3,3,4,3,3,-999,3,-999,3,3,2,3,2,3,3,2,3,4,4,4,4,4,4,4,3,4,3,4,4,4,3,-999,-999,-999,-999,-999,3,4,2,1,NA,2.75,2.6666666666666665,3.6666666666666665,3,3.25,-397.8,2.5,2.6666666666666665,4,3.5,3.75,-999,3,f,35,L34
_fyDn-juXKjwWXBI9VVRJAfEagCXUITFtUXWtfbU0OcxGXySuTC12LaXanXJlRKt,2020-12-29T19:41:17Z,2020-12-29T19:48:02Z,2020-12-29T19:48:02Z,NA,gb,gb,cb,robot,3,3,4,3,3,4,2,3,4,5,5,4,5,4,5,6,4,4,3,5,4,4,3,4,4,3,3,4,2,3,4,4,4,3,4,2,1,3,3,4,3,3,4,3,4,4,4,4,4,4,4,4,4,3,4,1,NA,3.25,3,4.333333333333333,4.75,4,3.6,3,4,2.6666666666666665,3.5,3.75,4,3.6666666666666665,f,35,L12
_vN_cmq8-WGU0XitEzHhvWsVzXhBFI-166d8UBzOm2dr7rhXEpfe-p0gnnetS0i6,2020-12-23T21:39:16Z,2020-12-23T21:48:22Z,2020-12-23T21:48:22Z,NA,cc,cc,cb,robot,2,4,2,4,3,2,3,1,1,4,1,1,1,1,2,4,1,1,1,2,2,4,4,-999,4,4,3,4,4,4,2,2,4,2,1,2,2,4,1,2,2,4,3,4,3,2,4,4,4,4,4,4,4,4,3,1,NA,3,2.6666666666666665,1.5,2,1.5,-196.6,3.75,2.6666666666666665,2,2.75,3.25,4,3.6666666666666665,f,50,L34
-gZbzQTYzOMqGMXs1URihFGFH5Np2xW3X7UtEvp1V5-ipvTQ-IHYNbD8zkmpScWZ,2020-12-18T17:43:39Z,2020-12-18T17:56:14Z,2020-12-18T17:56:15Z,NA,cb,cb,cc,robot,3,4,2,4,2,1,3,3,3,2,4,4,3,1,6,4,3,2,4,4,1,4,4,4,3,3,2,4,3,3,4,1,4,2,3,1,1,2,1,1,2,2,2,3,1,2,2,-999,3,-999,3,4,3,4,4,1,NA,3.25,2,3.1666666666666665,3.5,2.75,3.6,3,3,1.6666666666666667,1.75,2,-397.6,3.6666666666666665,f,50,L12
-HInCKwJDsLRCtTjMsr0rqH_amdsZ5kARlpZ2if0WGNaisUj4TXj-erMqwK3hWRM,2020-12-31T11:44:33Z,2020-12-31T11:54:04Z,2020-12-31T11:54:04Z,NA,cc,cc,gb,moral,3,3,3,3,3,3,3,6,6,6,6,6,6,6,6,6,6,6,6,6,6,3,3,3,3,3,3,2,3,3,2,2,3,6,6,6,6,6,6,6,6,5,5,6,5,6,6,2,2,2,2,2,4,4,1,1,NA,3,3,6,6,6,3,2.75,2.3333333333333335,6,5.5,5.75,2,3,f,50,app
-huOfYx3E11IqN5_a8Hr4pXoGwJfPD3UDA2H2CXqv4R16S7SLqZuzmkUZFHp5cfJ,2020-12-29T16:28:18Z,2020-12-29T16:34:32Z,2020-12-29T16:34:33Z,NA,gb,gb,cb,robot,4,3,2,4,4,3,2,3,4,3,1,4,3,6,4,5,1,3,2,2,3,4,4,4,-999,3,3,3,2,2,3,3,1,4,6,1,1,2,1,4,4,5,5,3,6,4,3,4,4,-999,4,4,4,4,3,1,NA,3.25,3,3,4,2.5,-196.8,2.5,2.3333333333333335,2.5,4.5,4,-196.6,3.6666666666666665,m,35,app
-IshUNvWqs82pp0KRTKx42zIH1XYJeHyPjGOLBLMnqLdBVvEl5HcAdTl9UWNCS2d,2020-12-31T15:23:19Z,2020-12-31T15:38:42Z,2020-12-31T15:38:42Z,NA,gb,gb,cb,moral,3,4,3,2,2,3,2,5,5,3,5,6,5,4,5,4,4,4,4,4,4,2,3,3,2,4,2,3,3,1,4,1,3,2,2,1,2,2,2,1,1,2,3,1,1,1,1,4,4,4,4,4,4,4,2,1,NA,3,2.3333333333333335,4.833333333333333,4.25,4,2.8,2.25,2.6666666666666665,1.8333333333333333,1.75,1,4,3.3333333333333335,f,50,app
-oH790gtwbvmlcRN6SFF68MoJYlyFSph3ZCAWjb0XLOhnAd-ujXN5pvHrwNLIsao,2020-12-29T14:29:17Z,2020-12-29T14:38:09Z,2020-12-29T14:38:09Z,NA,gb,gb,cc,moral,3,2,2,3,4,3,2,4,4,4,5,7,6,4,4,4,4,5,5,5,5,2,2,-999,1,-999,3,3,3,2,3,2,1,4,5,7,6,5,6,5,5,4,4,7,6,6,5,2,2,2,2,2,3,4,2,1,NA,2.5,3,5,4,5,-398.6,2.75,2,5.5,4.5,6,2,3,m,16,app
01RcfkcLwzr_2gdZvdeV0FR4XTlP6YtUEiPSQL04b8aG-X3upURvReFcTextNc-S,2020-12-18T08:00:14Z,2020-12-18T08:08:48Z,2020-12-18T08:08:48Z,NA,gb,gb,cc,robot,4,4,3,4,1,3,2,3,3,3,3,3,3,4,4,4,3,6,3,6,4,1,1,1,1,1,4,4,4,4,1,1,1,6,6,5,6,6,6,4,4,6,5,4,4,7,5,1,1,1,2,1,3,4,4,1,NA,3.75,2,3,3.75,4.75,1,4,1,5.833333333333333,4.75,5,1.2,3.6666666666666665,m,50,app
0GPEIyBNX2Ob4Teb0-l-khuLKoxtxBJxCwr5ZOZocjsRiXJDTWiGL7pMtf1Liegi,2021-01-08T11:18:54Z,2021-01-08T11:25:57Z,2021-01-08T11:25:58Z,NA,gb,gb,cb,moral,1,4,4,1,2,3,3,3,1,1,1,1,1,7,1,1,6,4,1,7,7,4,4,4,4,4,3,3,1,1,1,1,1,1,1,2,2,1,1,7,3,1,1,1,1,1,1,1,1,1,1,1,4,4,4,1,NA,2.5,2.6666666666666665,1.3333333333333333,3.75,4.75,4,2,1,1.3333333333333333,3,1,1,4,f,16,L12
0lut_BLzrutGmcUeem2wPfrHLAihqNxKlcHnlcaPW_i_X4FvCZXbnq8fPDAVQSpy,2020-12-20T17:04:37Z,2020-12-20T17:07:54Z,2020-12-20T17:07:54Z,NA,cc,cc,cb,moral,2,2,3,3,1,2,3,4,4,4,4,4,4,4,4,4,4,4,4,4,4,4,3,-999,3,-999,3,3,3,2,3,2,1,4,4,4,4,4,4,4,4,4,4,4,4,4,4,4,4,4,4,4,4,3,3,1,NA,2.5,2,4,4,4,-397.6,2.75,2,4,4,4,4,3.3333333333333335,f,16,L34
0NgR0NZnC32wtzDIxpGC1-T16UdxRP8PG2eVmujkefwd5VDym6UQOfJFQ0DofHSW,2020-12-28T18:48:26Z,2020-12-28T19:19:03Z,2020-12-28T19:19:03Z,NA,gb,gb,cc,moral,3,3,3,2,3,2,3,1,1,1,2,2,3,1,1,1,1,1,1,3,1,2,1,1,2,1,2,3,3,3,2,3,2,1,1,1,1,3,2,1,1,2,2,2,4,4,1,2,1,2,3,2,4,4,1,1,NA,2.75,2.6666666666666665,1.6666666666666667,1,1.5,1.4,2.75,2.3333333333333335,1.5,1.5,2.75,2,3,f,35,L12
0rlEXbrbbfttQq23rLlkwKkqcJ6PF3M_fCVPlGSEnSpOskoknLGBJFKPmRBaQXLQ,2020-12-31T12:15:38Z,2020-12-31T12:28:28Z,2020-12-31T12:28:28Z,NA,cc,cc,cb,moral,3,3,3,4,2,3,2,4,2,5,2,4,4,4,4,2,4,4,3,2,3,3,3,2,3,3,3,4,3,4,2,2,2,3,4,3,3,3,4,3,3,3,4,4,3,4,3,3,4,4,4,4,3,3,3,1,NA,3.25,2.3333333333333335,3.5,3.5,3,2.8,3.5,2,3.3333333333333335,3.25,3.5,3.8,3,f,50,app
0yejTdaPrDfwhxPr5wL4uDhpgrWHp0_gjT7dENprxUv6zdU9blsLiDFqcbnTtT5E,2020-12-24T16:30:42Z,2020-12-24T16:40:13Z,2020-12-24T16:40:13Z,NA,cc,cc,cb,robot,3,4,3,4,2,4,3,3,2,3,3,2,2,5,3,4,2,5,4,1,3,2,4,1,1,3,2,1,2,2,1,3,4,4,5,2,2,4,4,2,2,3,5,2,4,2,4,2,2,4,2,1,4,3,3,1,NA,3.5,3,2.5,3.5,3.25,2.2,1.75,2.6666666666666665,3.5,3,3,2.2,3.3333333333333335,m,16,L34
1Cc68iVpc54gyTwf03G9fJQ2bJbM_rNFmEr_BgIH7XLXkGsLPMrwKyMCEObHjnQv,2020-12-18T07:57:11Z,2020-12-18T08:09:45Z,2020-12-18T08:09:45Z,NA,cc,cc,cb,moral,3,3,2,2,3,3,2,3,1,2,2,3,3,4,2,4,4,5,6,3,3,3,4,-999,2,4,2,4,2,4,2,3,2,2,3,2,2,2,1,4,4,4,4,2,4,3,3,4,4,4,3,4,4,4,3,1,NA,2.5,2.6666666666666665,2.3333333333333335,3.5,4.25,-197.2,3,2.3333333333333335,2,4,3,3.8,3.6666666666666665,m,35,L34
1KSw3kbSyOCWPRP1kK6TAmKf5J5FL5GAfPTtEY_-pbCZc6paNjfnc_ROMJgv2f1g,2020-12-23T18:24:27Z,2020-12-23T18:39:51Z,2020-12-23T18:39:51Z,NA,cb,cb,gb,moral,3,2,2,3,2,2,3,3,4,3,3,3,2,3,3,3,4,3,3,2,3,-999,-999,3,-999,3,2,3,2,3,3,3,3,4,4,3,4,3,3,4,4,4,3,5,3,3,4,-999,-999,-999,-999,-999,3,2,2,1,NA,2.5,2.3333333333333335,3,3.25,2.75,-598.2,2.5,3,3.5,3.75,3.75,-999,2.3333333333333335,m,35,L12
1S1uB2OykdnmD8Sv0X06BkER7x0x39CEKIk1o_H9RR6qTfbcamkuoFVa0TGuqU8z,2021-01-08T16:32:33Z,2021-01-08T16:39:00Z,2021-01-08T16:39:01Z,NA,cc,cc,gb,moral,4,3,3,3,3,2,3,1,1,1,1,1,1,1,2,2,2,1,2,1,2,3,4,-999,4,-999,3,2,3,2,2,3,2,1,1,1,1,1,1,1,1,1,1,2,2,2,1,1,1,1,2,1,3,2,2,1,NA,3.25,2.6666666666666665,1,1.75,1.5,-397.4,2.5,2.3333333333333335,1,1,1.75,1.2,2.3333333333333335,f,50,L34
1TXojqwJzZN9FckSuCom3ow0M8iO9vL_zpSUvM5nWDzzCTM9wC_fH1gV2qeBOY9C,2020-12-31T15:04:03Z,2020-12-31T15:16:32Z,2020-12-31T15:16:32Z,NA,gb,gb,cb,moral,2,2,3,2,2,3,3,1,1,1,1,1,1,2,2,2,2,2,2,2,2,3,1,1,4,1,3,3,2,3,2,3,1,1,1,1,1,1,3,1,1,1,1,3,1,1,3,3,4,4,4,4,4,4,1,1,NA,2.25,2.6666666666666665,1,2,2,2,2.75,2,1.3333333333333333,1,2,3.8,3,f,50,app
1wdX2cAoSikcvBV0VpXkXkjffFrm2PMwywTcJ2rL2zOwAsBtSVhMcNWxtflHX_p1,2020-12-24T13:16:48Z,2020-12-24T13:21:06Z,2020-12-24T13:21:07Z,NA,cc,cc,gb,robot,3,2,3,3,2,2,3,3,4,4,5,5,3,4,5,4,3,4,3,3,4,2,3,4,3,3,4,2,3,3,3,3,2,2,3,3,5,4,3,3,4,4,5,5,4,4,5,3,2,3,4,3,2,3,3,1,NA,2.75,2.3333333333333335,4,4,3.5,3,3,2.6666666666666665,3.3333333333333335,4,4.5,3,2.6666666666666665,m,16,L34
1XmVFSbwHE2n4_vORK8YqkTySq0wUdFSRgyBImjS_00UoYq0m1PdNaPlEreQc94z,2020-12-18T08:46:15Z,2020-12-18T08:52:07Z,2020-12-18T08:52:07Z,NA,gb,gb,cb,robot,3,2,2,3,2,3,3,3,3,3,3,4,2,4,4,4,3,4,4,2,3,3,3,4,3,3,2,2,2,2,3,3,3,3,3,3,3,3,3,4,4,4,3,4,4,4,4,3,3,3,3,3,4,3,2,1,NA,2.5,2.6666666666666665,3,3.75,3.25,3.2,2,3,3,3.75,4,3,3,f,35,L34
2BHhbQGLKatwipgrCBtcsGhSCQB63vlF0_3pxg2Oy5AwfE7Vw7Q3iuLKO-3Vo3AI,2021-01-03T13:57:14Z,2021-01-03T14:00:13Z,2021-01-03T14:00:14Z,NA,cc,cc,cb,robot,2,2,3,2,3,2,3,4,2,5,3,4,4,4,3,4,3,3,3,6,3,-999,3,4,2,3,3,3,2,2,3,3,3,4,5,5,4,4,5,3,4,4,4,5,3,4,5,3,3,-999,2,-999,2,2,2,1,NA,2.25,2.6666666666666665,3.6666666666666665,3.5,3.75,-197.4,2.5,3,4.5,3.75,4.25,-398,2,m,16,L12
2f_cs-h8DABPHMvKiXB559Fd1OTBA_vYRfphwVFZRk8OyCh3nJYdNyayWNW2Ti6v,2020-12-18T23:49:21Z,2020-12-21T21:43:28Z,2020-12-21T21:43:28Z,NA,cb,cb,cc,moral,2,3,3,3,3,2,3,3,3,2,2,4,2,1,3,4,4,4,3,3,4,4,3,4,3,4,2,2,3,3,3,2,3,3,3,3,2,3,2,3,3,4,4,4,3,3,4,-999,-999,-999,-999,-999,3,4,2,1,NA,2.75,2.6666666666666665,2.6666666666666665,3,3.5,3.6,2.5,2.6666666666666665,2.6666666666666665,3.5,3.5,-999,3,m,35,L34
2m8vYOMLBX8od6FD6MCw5qZsEiVMEw-JocP9GuoUkRtDHm-UXnss7KlRXP7y-rGq,2020-12-18T18:23:04Z,2020-12-18T18:32:18Z,2020-12-18T18:32:18Z,NA,gb,gb,cb,robot,3,3,3,4,3,1,3,2,2,2,2,5,3,2,2,2,2,2,2,5,2,3,-999,-999,3,-999,2,3,2,3,3,1,3,1,1,1,1,1,2,2,1,2,2,2,3,1,3,4,4,4,4,4,4,2,3,1,NA,3.25,2.3333333333333335,2.6666666666666665,2,2.75,-598.2,2.5,2.3333333333333335,1.1666666666666667,1.75,2.25,4,3,m,50,L34
2UuezPSEhxjqZcDixmuAE0GD1pUkdWSjiai_EnPIfnjbHhcqHItHXq_BLUYoBD-b,2020-12-18T10:25:00Z,2020-12-18T10:36:57Z,2020-12-18T10:36:57Z,NA,cc,cc,gb,robot,3,3,2,3,3,3,3,2,2,2,2,4,4,2,2,2,2,2,2,4,2,-999,-999,-999,3,-999,2,3,2,3,3,2,3,2,2,2,2,2,2,2,2,2,2,2,2,2,3,-999,-999,-999,-999,-999,2,3,2,1,NA,2.75,3,2.6666666666666665,2,2.5,-798.6,2.5,2.6666666666666665,2,2,2.25,-999,2.3333333333333335,m,50,L34
2wK6e_czg-AQhzie5syeGwEbITTaOnQ9IMGZWjruhx9Emc91KT_vO1iWzR_okcfe,2020-12-18T22:59:22Z,2020-12-19T12:22:28Z,2020-12-19T12:22:28Z,NA,gb,gb,cc,robot,2,2,2,3,1,3,1,4,4,4,5,4,4,5,2,4,5,5,4,4,6,1,1,1,1,1,2,2,3,3,3,2,2,4,3,3,4,3,4,4,4,4,3,3,4,3,4,-999,-999,-999,-999,-999,4,4,4,1,NA,2.25,1.6666666666666667,4.166666666666667,4,4.75,1,2.5,2.3333333333333335,3.5,3.75,3.5,-999,4,f,16,L34
43jg_vvjXXv8p6NbtxyBfaWZVVtl205YaU6ZHl7kvGiBzHkVLpnrbhkUkXnObS7c,2020-12-29T14:14:52Z,2020-12-29T14:25:07Z,2020-12-29T14:25:07Z,NA,cb,cb,cc,moral,3,2,3,3,3,2,2,2,2,2,2,2,3,2,3,3,3,2,3,3,3,2,3,3,3,3,3,3,2,3,3,2,2,3,3,2,3,2,3,2,3,2,2,2,3,2,2,3,3,3,3,3,3,3,2,1,NA,2.75,2.3333333333333335,2.1666666666666665,2.75,2.75,2.8,2.75,2.3333333333333335,2.6666666666666665,2.25,2.25,3,2.6666666666666665,m,50,app
55XpxNBwrvmkIuaMpBJIkPpikVEmNl3kQXdNfDZevemfmy4rSmzS9Eq3idbc-SJa,2020-12-18T08:00:58Z,2020-12-18T08:09:49Z,2020-12-18T08:09:49Z,NA,cb,cb,gb,robot,1,2,2,4,2,3,2,2,1,1,1,1,1,1,1,2,7,2,2,2,2,4,4,1,3,4,4,4,4,4,2,2,4,1,1,1,1,1,1,1,1,1,1,1,1,1,1,4,1,1,1,1,4,4,1,1,NA,2.25,2.3333333333333335,1.1666666666666667,2.75,2,3.2,4,2.6666666666666665,1,1,1,1.6,3,m,50,L34
5CEWvEd5LOtRrYpbI9ebFe6IxsArZfBauCkliB6nKgFk_cCALwKMk1zji67dbQUy,2021-01-08T15:13:18Z,2021-01-08T15:20:48Z,2021-01-08T15:20:48Z,NA,gb,gb,cb,robot,2,3,2,3,3,2,2,4,3,3,4,4,4,4,5,5,4,4,4,5,4,3,3,-999,3,3,3,3,3,3,3,2,2,4,2,2,4,4,4,4,4,4,4,4,3,4,5,3,3,3,3,3,3,3,3,1,NA,2.5,2.3333333333333335,3.6666666666666665,4.5,4.25,-197.4,3,2.3333333333333335,3.3333333333333335,4,4,3,3,f,16,L12
5FIxXbAQiiorTJM6T2ACd6eW8NErjp-CphfbdF4OP2sM1jz_Ml_Jdbh0epWqMvfz,2020-12-26T10:47:41Z,2020-12-26T10:52:34Z,2020-12-26T10:52:34Z,NA,cc,cc,gb,moral,2,2,1,1,2,2,3,2,2,2,2,2,2,2,2,2,2,2,2,2,4,3,3,3,3,3,2,3,2,3,3,2,3,2,2,2,2,2,2,2,2,2,2,2,2,2,2,3,3,3,3,3,3,3,3,1,NA,1.5,2.3333333333333335,2,2,2.5,3,2.5,2.6666666666666665,2,2,2,3,3,f,16,L12
5gI_RH5lHnsmYxWoda5GymXzpmo-P3AVuXou4A470ebaB8CbrG7aDdZ7IkDqQ0CK,2020-12-29T18:55:18Z,2020-12-29T19:01:11Z,2020-12-29T19:01:12Z,NA,cb,cb,cc,robot,1,1,1,1,1,4,1,7,7,7,7,7,7,7,7,7,6,6,7,6,6,1,3,1,2,2,4,2,4,2,3,1,4,2,2,2,2,2,2,3,2,2,3,3,3,2,3,3,4,-999,3,-999,3,3,3,1,NA,1,2,7,6.75,6.25,1.8,3,2.6666666666666665,2,2.5,2.75,-397.6,3,f,35,app
5Pf18pO2Og7WuN5oM-f396LTnqcQti6f5jsoYv-tnl3QaML02W0sOKx84zDcOgB-,2020-12-18T17:27:36Z,2020-12-18T17:31:06Z,2020-12-18T17:31:06Z,NA,gb,gb,cb,robot,4,2,2,3,2,3,2,5,5,4,5,5,5,5,5,5,5,4,4,6,5,1,1,1,1,1,1,1,2,2,3,2,3,3,3,3,3,3,3,3,4,4,3,4,4,3,4,3,3,2,3,3,4,4,3,1,NA,2.75,2.3333333333333335,4.833333333333333,5,4.75,1,1.5,2.6666666666666665,3,3.5,3.75,2.8,3.6666666666666665,m,35,L34
5Q11K4ustu4krSgx6gaDJkyoIoPL-hOxcbLd9dMRfZGNcFQSsV-pj4AJIC7d3x-_,2021-01-08T16:32:56Z,2021-01-08T16:37:14Z,2021-01-08T16:37:14Z,NA,cb,cb,cc,robot,3,2,2,2,2,3,2,4,4,4,4,4,4,4,4,4,4,4,4,4,4,3,3,4,3,3,3,3,3,3,2,3,2,4,4,4,4,4,4,4,4,4,4,4,4,4,4,2,2,2,2,2,3,3,3,1,NA,2.25,2.3333333333333335,4,4,4,3.2,3,2.3333333333333335,4,4,4,2,3,f,50,L34
5Tge1zfhV7ciz8xv9GYP74y7-X96EBBYwmVHFWsL9UjuXq_04z27ZEUHscBKp-O5,2020-12-18T17:41:44Z,2020-12-18T17:50:40Z,2020-12-18T17:50:41Z,NA,gb,gb,cc,robot,1,2,3,3,3,2,3,2,2,2,2,3,2,2,1,1,1,2,2,2,2,1,1,1,1,1,2,2,2,3,2,3,2,2,2,2,2,2,2,2,2,2,2,2,2,2,2,-999,-999,-999,-999,-999,4,4,1,1,NA,2.25,2.6666666666666665,2.1666666666666665,1.25,2,1,2.25,2.3333333333333335,2,2,2,-999,3,f,16,L34
6-MnINXkELP5sYvo6U92sL9qQMsCeRdJcGq5D5_Mjz9TGoSJQR1xsRGcQPmrDdGl,2020-12-29T21:01:54Z,2020-12-29T21:08:20Z,2020-12-29T21:08:20Z,NA,gb,gb,cb,robot,3,3,3,3,2,2,2,5,5,5,5,5,5,5,5,5,5,5,4,5,5,1,1,1,1,1,3,3,3,3,2,2,2,4,4,4,4,4,4,4,4,4,4,4,4,4,4,4,4,4,4,4,4,3,4,3,NA,3,2,5,5,4.75,1,3,2,4,4,4,4,3.6666666666666665,f,16,app
6Au2u1_kfGnMnfvK7f5aiKx1ZYMH1QHM--s3kT1lYODvsnM6KueF4DQvSDA7dsPO,2020-12-18T11:09:56Z,2020-12-18T11:20:42Z,2020-12-18T11:20:43Z,NA,cc,cc,cb,moral,2,1,2,1,2,3,3,1,1,1,1,1,2,2,2,2,2,1,3,2,2,3,3,-999,4,3,2,2,2,3,2,2,3,3,1,2,2,2,2,3,3,2,2,3,3,2,3,2,4,4,2,4,3,3,3,1,NA,1.5,2.6666666666666665,1.1666666666666667,2,2,-197.2,2.25,2.3333333333333335,2,2.5,2.75,3.2,3,m,50,L12
6gajz98uYPPBqYhf6Y8amx3rvc9ZxcS1soQ1YJaku6pBzE-pRcSijtnnhnXjogXk,2021-01-08T19:45:15Z,2021-01-13T13:34:41Z,2021-01-13T13:34:42Z,NA,gb,gb,cc,moral,2,3,2,3,2,3,3,4,3,3,3,3,4,4,4,4,4,4,4,4,3,3,2,3,-999,3,2,2,3,2,2,3,2,4,4,3,4,4,4,3,5,4,3,4,4,4,4,3,3,2,3,2,3,2,2,3,NA,2.5,2.6666666666666665,3.3333333333333335,4,3.75,-197.6,2.25,2.3333333333333335,3.8333333333333335,3.75,4,2.6,2.3333333333333335,f,35,L12
7UpN579IRqKX8T8w9UXKK0MfZQzOYfMdt6Vl-CEyCHBP9TlaZ6Cn3ZLfFGHjb_tA,2020-12-31T11:33:03Z,2020-12-31T11:37:46Z,2020-12-31T11:37:46Z,NA,cb,cb,gb,robot,3,3,2,3,2,2,2,6,5,6,5,6,6,5,5,3,5,6,6,5,5,1,-999,2,3,3,2,2,4,3,2,3,3,6,6,6,6,6,6,6,5,5,6,6,6,6,6,3,3,2,3,3,4,3,3,1,NA,2.75,2,5.666666666666667,4.5,5.5,-198,2.75,2.6666666666666665,6,5.5,6,2.8,3.3333333333333335,f,50,app
7xHBa_g318jtkCHRyTTt0ghIYg-hg6d8kKm3NQQ_WEKKhu4mflTd8m5x5uaTS4iX,2020-12-29T14:18:34Z,2020-12-29T14:27:22Z,2020-12-29T14:27:22Z,NA,gb,gb,cc,robot,3,2,3,2,2,3,3,2,3,2,3,2,2,2,3,3,3,2,2,3,3,3,4,3,4,4,2,3,2,2,2,3,3,2,2,3,2,3,2,3,1,3,3,1,2,2,3,3,3,2,4,4,2,3,2,1,NA,2.5,2.6666666666666665,2.3333333333333335,2.75,2.5,3.6,2.25,2.6666666666666665,2.3333333333333335,2.5,2,3.2,2.3333333333333335,m,50,app
81U9kH9GL4dcoSqTIbLy8X4rgDaQ_b8YEMNFeYT2k9MbX8CuVL0xssX3pQj1yHxN,2020-12-30T03:28:25Z,2020-12-30T03:31:01Z,2020-12-30T03:31:01Z,NA,cb,cb,gb,robot,2,3,3,2,2,2,2,3,4,5,4,4,4,3,4,5,5,4,4,4,5,-999,-999,-999,-999,-999,3,3,3,3,3,3,3,4,5,4,3,4,4,2,5,4,3,3,4,6,4,-999,-999,-999,-999,-999,3,3,2,1,NA,2.5,2,4,4.25,4.25,-999,3,3,4,3.5,4.25,-999,2.6666666666666665,m,16,L12
8vf9vbz5BMLUEGo656TSO7VKU8l5UOSeC8kE2koeoupWHkQ9RsvRGYgskUCnhsur,2020-12-18T10:52:44Z,2020-12-18T10:59:25Z,2020-12-18T10:59:25Z,NA,cb,cb,cc,moral,3,3,4,3,2,2,2,2,1,1,1,1,1,1,1,2,3,3,2,3,3,4,4,4,4,4,1,4,2,4,3,3,3,1,1,1,1,1,1,1,1,2,1,1,1,1,4,1,1,1,1,1,4,4,2,1,NA,3.25,2,1.1666666666666667,1.75,2.75,4,2.75,3,1,1.25,1.75,1,3.3333333333333335,m,50,L34
9-n__gpjcwh3Zq-Q7rKoelNJtJuaOwuZIYcrT_3EIPw4U97OtDPAExm5DDvUD8Er,2020-12-28T02:20:03Z,2020-12-28T02:27:27Z,2020-12-28T02:27:28Z,NA,gb,gb,cc,moral,2,3,2,3,2,3,2,3,4,2,2,4,4,4,2,3,4,3,3,4,3,1,1,1,1,1,2,2,3,2,3,2,3,4,4,3,2,3,3,4,3,3,4,4,3,3,4,2,-999,-999,-999,-999,4,4,3,1,NA,2.5,2.3333333333333335,3.1666666666666665,3.25,3.25,1,2.25,2.6666666666666665,3.1666666666666665,3.5,3.5,-798.8,3.6666666666666665,m,16,L34
917XV_wbC4yOqyq5wnVr-S-3ntZksbO_vOD-UYem6wjkrksub3hbaGIEzhRbuaqA,2021-01-07T10:53:29Z,2021-01-07T11:03:10Z,2021-01-07T11:03:10Z,NA,gb,gb,cc,robot,2,3,1,3,3,1,3,1,1,1,1,2,1,1,1,1,1,1,1,1,1,1,1,1,1,1,2,3,2,3,3,1,3,2,2,2,1,1,1,1,1,1,1,1,1,1,1,-999,-999,-999,-999,-999,4,4,1,1,NA,2.25,2.3333333333333335,1.1666666666666667,1,1,1,2.5,2.3333333333333335,1.5,1,1,-999,3,m,35,app
9f1WVy47sq4nyaYi85COsZKcCQKY2IT3Nd-yQn8TUgEbxhTFUGtK-X1FExo1YnkI,2020-12-18T17:02:40Z,2020-12-18T17:10:43Z,2020-12-18T17:10:44Z,NA,gb,gb,cc,robot,4,2,4,4,3,2,2,5,4,4,5,4,4,4,5,4,4,4,6,4,4,1,1,1,1,1,3,2,2,4,2,2,2,4,4,4,4,4,4,5,5,4,4,4,4,4,4,1,1,2,1,1,1,4,2,1,NA,3.5,2.3333333333333335,4.333333333333333,4.25,4.5,1,2.75,2,4,4.5,4,1.2,2.3333333333333335,m,35,L34
9IbYBY2m0RYbQmqPuCkrPLHEXJRCkAednOU5Syr1rRxbDN3jLYu_AV7-zt-6zpzj,2021-01-08T16:43:13Z,2021-01-08T17:01:06Z,2021-01-08T17:01:06Z,NA,gb,gb,cc,moral,4,4,3,4,3,3,3,4,4,3,4,5,4,3,3,4,4,3,3,3,3,1,1,1,1,1,2,2,2,3,2,2,2,4,3,3,5,3,5,4,4,4,4,4,4,4,4,2,2,4,3,2,3,3,3,1,NA,3.75,3,4,3.5,3,1,2.25,2,3.8333333333333335,4,4,2.6,3,f,50,L34
9OcD_3Nxx1fmDgoatUbt8eu6Fnra8GCGGfkQTbRbQgWuZcDtH7hr5DY_WT5s7TUb,2020-12-24T10:05:02Z,2020-12-24T10:17:30Z,2020-12-24T10:17:30Z,NA,gb,gb,cc,moral,3,2,3,3,2,4,3,6,5,4,6,6,5,6,4,5,5,6,4,5,5,4,-999,3,2,-999,2,3,2,3,3,1,2,3,3,3,2,4,4,2,4,3,3,3,4,3,3,3,3,3,-999,-999,3,4,2,1,NA,2.75,3,5.333333333333333,5,5,-397.8,2.5,2,3.1666666666666665,3,3.25,-397.8,3,m,50,app
a5O-FD7F93zJBpoFfzW2EnfIUBaqZt-YxHxdA9ykLJdXtLS2X7yYdXvjKwTZWw2B,2020-12-18T17:50:00Z,2020-12-18T18:01:57Z,2020-12-18T18:01:58Z,NA,gb,gb,cc,robot,2,2,3,3,2,3,2,4,4,5,4,4,4,4,4,4,4,4,4,4,3,1,1,2,1,1,2,3,2,3,2,3,2,4,4,4,4,4,4,5,4,4,4,4,5,4,5,4,4,4,3,4,3,4,3,2,NA,2.5,2.3333333333333335,4.166666666666667,4,3.75,1.2,2.5,2.3333333333333335,4,4.25,4.5,3.8,3.3333333333333335,f,50,app
AHhiEhADvFqB6RcbHjq7ytmB3eB36C_GHlakXD_LKxDJ_BOhLOx40egkoXBJjAIK,2020-12-31T12:04:42Z,2020-12-31T12:08:18Z,2020-12-31T12:08:18Z,NA,cb,cb,gb,robot,2,2,2,2,2,2,2,4,4,4,4,4,4,4,4,4,4,4,4,4,4,-999,-999,-999,-999,-999,2,2,2,2,2,2,2,4,4,4,4,4,4,4,4,4,4,4,4,4,4,-999,-999,-999,-999,-999,1,2,2,1,NA,2,2,4,4,4,-999,2,2,4,4,4,-999,1.6666666666666667,f,50,app
Ajc8R0uh9B4wEUYm-KalbsdF3Tq32s2iwmMEtMutfeHbaR7uZAWRlrDgA1FGrVP7,2021-01-08T19:37:17Z,2021-01-08T19:49:27Z,2021-01-08T19:49:27Z,NA,gb,gb,cc,robot,3,4,3,3,3,2,3,2,1,1,1,3,2,3,3,3,2,3,3,3,3,1,1,1,1,1,3,4,3,4,3,2,3,1,1,1,1,3,2,3,3,4,2,4,3,3,3,-999,-999,3,3,-999,4,4,4,1,NA,3.25,2.6666666666666665,1.6666666666666667,2.75,3,1,3.5,2.6666666666666665,1.5,3,3.25,-598.2,4,f,35,L12
aJRnfb99UPPHSVF44v5RU5DvAPaEdraWWvY48D_sbzi5-Crj7ONqe1JLgubWLFI6,2020-12-24T12:43:02Z,2020-12-24T12:52:54Z,2020-12-24T12:52:55Z,NA,gb,gb,cb,robot,3,3,2,3,3,2,3,3,3,3,3,3,3,3,3,3,3,3,3,3,3,3,3,-999,3,-999,3,3,2,3,3,2,3,3,3,3,3,3,3,3,3,3,3,3,3,3,3,3,4,4,3,4,3,3,3,4,NA,2.75,2.6666666666666665,3,3,3,-397.8,2.75,2.6666666666666665,3,3,3,3.6,3,m,50,app
aMoy5ciORJP177pi_BXmpfyeAxUF_k_lZZY3vrHu39prnI1CT20UX6uVOPlR0qL6,2020-12-29T17:05:59Z,2020-12-29T17:11:46Z,2020-12-29T17:11:46Z,NA,cb,cb,gb,robot,3,2,3,3,2,3,2,2,3,4,1,4,3,4,4,7,4,4,2,4,1,-999,4,-999,4,-999,2,1,4,1,4,1,4,1,1,1,1,1,2,1,1,3,2,1,1,1,3,-999,4,-999,4,3,4,3,1,1,NA,2.75,2.3333333333333335,2.8333333333333335,4.75,2.75,-597.8,2,3,1.1666666666666667,1.75,1.5,-397.4,2.6666666666666665,m,35,L12
ATICLi0955pY-2YktMwsVe5HzjuV3tJGyyoStS3JMxCGS6S7jLlx2co0-_LIV_ib,2020-12-18T11:10:42Z,2020-12-18T11:13:18Z,2020-12-18T11:13:18Z,NA,cb,cb,cc,moral,2,2,2,2,2,2,2,4,4,4,4,4,4,4,4,4,4,4,4,4,4,2,2,2,2,2,2,2,2,2,2,2,2,4,4,4,4,4,4,4,4,4,4,4,4,4,4,2,2,2,2,2,3,3,3,1,NA,2,2,4,4,4,2,2,2,4,4,4,2,3,m,50,app
AUeaYF_QtFlUmHpI3AT98aBlSpHUwRwFCwxEZ2BtwBFPfdjC1Rd-QFUKlgw87JSa,2020-12-29T14:19:25Z,2020-12-29T14:22:57Z,2020-12-29T14:22:57Z,NA,cc,cc,gb,moral,2,2,2,2,2,2,4,4,1,4,6,1,4,6,6,3,1,2,3,1,5,3,3,3,3,3,3,2,2,2,3,4,4,2,1,1,1,1,1,1,2,4,1,2,4,2,3,3,2,-999,3,3,3,4,3,1,NA,2,2.6666666666666665,3.3333333333333335,4,2.75,3,2.25,3.6666666666666665,1.1666666666666667,2,2.75,-197.6,3.3333333333333335,m,50,app
aVk21xRGTv1K9RwULmV5Eya9yDhslKSYvy4XioW5NceJ7b2KzI8jyhCqOvKNZkAm,2021-01-05T17:59:56Z,2021-01-05T18:10:50Z,2021-01-05T18:10:51Z,NA,gb,gb,cc,robot,2,3,3,3,3,1,3,1,2,2,1,3,3,1,2,3,1,2,3,3,3,-999,3,-999,3,-999,2,3,4,4,2,2,3,1,1,2,2,2,2,1,2,3,2,2,1,2,2,3,3,-999,4,-999,4,4,3,2,NA,2.75,2.3333333333333335,2,1.75,2.75,-598.2,3.25,2.3333333333333335,1.6666666666666667,2,1.75,-397.6,3.6666666666666665,f,16,L12
AYT5qSBKg8Xjw_F6fqva2pDw7KrmhT7tH4-B8ujsT-dMidJfY8yZxLiScNg9YKNp,2021-01-08T11:01:34Z,2021-01-08T11:09:19Z,2021-01-08T11:09:19Z,NA,cc,cc,cb,robot,3,2,2,2,3,2,3,1,1,1,1,1,1,1,1,1,1,1,1,1,1,2,-999,-999,3,-999,3,4,1,4,3,3,3,3,3,3,3,3,3,3,3,3,3,3,3,3,3,4,4,4,4,4,4,4,1,3,NA,2.25,2.6666666666666665,1,1,1,-598.4,3,3,3,3,3,4,3,m,16,L12
B_btbF7vPOeP4jHapc7O0ppWlkGou1eLpbZQ86JVMhEGK7taLGzBarcwwdqKUqF3,2020-12-29T13:13:36Z,2020-12-29T13:20:27Z,2020-12-29T13:20:28Z,NA,gb,gb,cc,robot,3,2,2,2,2,2,3,3,1,1,3,3,3,5,4,4,5,4,4,5,4,1,4,3,1,3,3,3,2,4,3,2,2,4,3,2,1,5,5,4,5,5,4,6,5,2,5,2,3,3,3,3,2,3,1,1,NA,2.25,2.3333333333333335,2.3333333333333335,4.5,4.25,2.4,3,2.3333333333333335,3.3333333333333335,4.5,4.5,2.8,2,f,50,L12
b-x6XdomJ7yZY25aGqsq3ViXS4W4DMcVBlO9VddUC_pQP8ymMW4DW_hXx285iNaP,2020-12-18T10:46:56Z,2020-12-18T10:53:22Z,2020-12-18T10:53:22Z,NA,cc,cc,gb,robot,3,2,3,2,2,2,2,2,2,2,1,2,2,2,2,2,2,2,2,3,2,-999,2,2,3,2,2,2,2,3,3,2,3,2,2,2,2,2,2,2,2,3,2,2,2,1,2,3,3,3,2,3,3,2,3,4,NA,2.5,2,1.8333333333333333,2,2.25,-198,2.25,2.6666666666666665,2,2.25,1.75,2.8,2.6666666666666665,m,50,L34
B2KxTs9QHXjjg3OtZD0PL7EF4zqS_PGOgJYM5xe7rU1oKCJBjjBT2THDsC_BBj2-,2020-12-19T14:03:54Z,2020-12-19T14:08:40Z,2020-12-19T14:08:40Z,NA,cb,cb,cc,moral,3,3,4,4,3,4,4,5,5,3,4,3,5,5,3,5,5,5,5,3,4,4,3,4,3,3,3,3,3,4,4,3,3,3,3,4,3,4,3,5,4,5,5,4,3,4,4,3,4,4,3,3,4,3,4,1,NA,3.5,3.6666666666666665,4.166666666666667,4.5,4.25,3.4,3.25,3.3333333333333335,3.3333333333333335,4.75,3.75,3.4,3.6666666666666665,f,16,L34
BB0HuZPOdlRaJVe4ndoLzb3JdYiWaG2OzkWXYPY3WvLzt1KsvdVvmJDpKQsR7ZPd,2020-12-18T18:17:18Z,2020-12-18T18:21:11Z,2020-12-18T18:21:11Z,NA,cc,cc,cb,moral,4,4,2,4,4,3,2,4,4,4,4,4,4,4,4,4,4,4,4,4,4,3,-999,-999,3,-999,3,3,3,3,2,2,2,4,4,4,4,4,4,4,4,4,4,4,4,4,4,-999,-999,-999,-999,-999,2,1,1,4,NA,3.5,3,4,4,4,-598.2,3,2,4,4,4,-999,1.3333333333333333,m,50,L34
BCMgdqQaYgDYFutHbYcBKaKmP8bsO5xHmxIXTbZ3lJHL7XsXSFfr5gj44CB9RsR5,2021-01-08T16:44:36Z,2021-01-08T16:46:42Z,2021-01-08T16:46:42Z,NA,cc,cc,gb,robot,3,2,4,3,2,3,2,2,3,3,3,3,4,3,3,3,4,3,4,3,3,3,3,3,3,3,3,1,3,2,2,3,2,4,4,4,3,4,4,4,4,3,3,4,4,3,4,3,3,3,3,3,4,3,4,1,NA,3,2.3333333333333335,3,3.25,3.25,3,2.25,2.3333333333333335,3.8333333333333335,3.5,3.75,3,3.6666666666666665,f,35,L12
BgTE8WZiwvVLznws9-LTKMBHe8tNtFcnCGaaJN4NLWlnupck022LrcNciPMagFuE,2021-01-04T14:14:28Z,2021-01-04T14:23:42Z,2021-01-04T14:23:43Z,NA,cc,cc,gb,moral,2,3,4,3,3,3,3,2,3,3,1,2,1,1,2,3,3,2,1,2,2,2,4,3,3,3,3,3,3,2,3,3,2,2,2,3,2,2,1,2,1,2,1,2,1,2,3,1,1,1,2,1,4,4,3,1,NA,3,3,2,2.25,1.75,3,2.75,2.6666666666666665,2,1.5,2,1.2,3.6666666666666665,m,35,app
BiZrNLI-NkInsnHtdRCS6ui13GBnk__6o80H-bBBVeq0iTO8bJAR2ZRb-ISWUAhs,2020-12-18T18:53:43Z,2020-12-18T20:01:02Z,2020-12-18T20:01:02Z,NA,cc,cc,gb,robot,3,2,2,3,2,2,2,2,3,4,2,3,2,2,3,2,3,3,2,2,3,3,4,3,3,4,3,4,2,4,2,4,1,5,5,5,3,2,5,4,4,7,4,3,2,6,4,1,1,1,2,1,4,3,4,1,NA,2.5,2,2.6666666666666665,2.5,2.5,3.4,3.25,2.3333333333333335,4.166666666666667,4.75,3.75,1.2,3.6666666666666665,m,16,L34
blAMCc3iG-VK9Se0EVwFET-bQltKw41TosKPKcIPFrgpIwi0nc1Y975FR7zuWCrP,2020-12-18T08:32:54Z,2020-12-18T08:35:53Z,2020-12-18T08:35:53Z,NA,gb,gb,cc,robot,2,2,2,2,2,2,2,3,1,2,2,2,2,3,3,3,3,3,3,2,3,3,-999,-999,3,3,3,2,3,3,3,4,4,4,2,3,3,3,3,4,3,3,4,3,4,4,5,2,4,4,4,3,2,2,3,1,NA,2,2,2,3,2.75,-397.8,2.75,3.6666666666666665,3,3.5,4,3.4,2.3333333333333335,f,16,L34
bpeDCJ0qmwNMTZIJY1hfz4OxJ3J7EVj0JOBQvusuM_TL0X7Sd8usZYRUtqW3-o-o,2020-12-18T08:45:11Z,2020-12-18T09:00:26Z,2020-12-18T09:00:26Z,NA,gb,gb,cb,moral,2,2,3,3,3,3,2,5,4,5,5,5,5,3,3,4,5,3,5,4,4,3,3,-999,3,-999,3,2,2,3,3,2,3,3,3,3,3,3,3,3,4,3,4,4,4,3,4,-999,4,3,3,3,3,4,3,1,NA,2.5,2.6666666666666665,4.833333333333333,3.75,4,-397.8,2.5,2.6666666666666665,3,3.5,3.75,-197.2,3.3333333333333335,m,50,L12
bpevfj9aYvl0QyK_jdw0B46v8ubj38UUwwLlEncnTJ_O36r3vaRZKqWM6vQCc0-3,2020-12-31T11:54:37Z,2020-12-31T11:59:29Z,2020-12-31T11:59:29Z,NA,cb,cb,gb,robot,3,4,2,3,4,1,4,1,1,1,1,1,1,1,1,1,1,1,1,1,1,-999,4,-999,4,4,3,1,4,4,4,1,4,1,1,1,1,1,1,1,1,1,1,1,1,1,1,-999,-999,-999,4,4,2,2,2,2,NA,3,3,1,1,1,-397.2,3,3,1,1,1,-597.8,2,f,50,app
ch7OFMBWEEVGDhoxoWjvjhB2IpJFkgIw5IwTClVop5OgppSSZupUT7KbVZZg_ebZ,2020-12-25T12:50:25Z,2020-12-25T12:55:42Z,2020-12-25T12:55:43Z,NA,gb,gb,cc,moral,4,1,2,2,3,2,3,4,3,4,4,4,5,5,6,7,4,4,5,5,5,-999,-999,-999,1,-999,3,3,4,2,4,2,2,1,1,1,1,1,1,1,1,1,1,1,1,1,1,-999,2,2,-999,-999,1,3,1,1,NA,2.25,2.6666666666666665,4,5.5,4.75,-799,3,2.6666666666666665,1,1,1,-598.6,1.6666666666666667,m,16,L12
cpuMXLzBX3gJLSPRiHxa78FPhzq5FeTSromp2w0OqfUITqNcb3NwzApw05zIceL5,2020-12-18T16:44:48Z,2020-12-18T16:52:35Z,2020-12-18T16:52:36Z,NA,cc,cc,gb,moral,3,3,3,3,3,2,3,5,4,4,4,6,4,4,4,4,4,4,4,4,4,1,-999,-999,1,-999,2,2,2,2,3,2,3,3,3,4,4,4,3,3,4,4,4,4,4,4,4,2,2,1,2,2,4,4,2,1,NA,3,2.6666666666666665,4.5,4,4,-599,2,2.6666666666666665,3.5,3.75,4,1.8,3.3333333333333335,m,16,L34
Cv1JZ7aimpll3_DiyH8h_Q895FBkwvMYUGU4QpIBvU7eTWSNc5K6QCbFvNyc5Z8P,2021-01-08T15:18:34Z,2021-01-08T15:21:08Z,2021-01-08T15:21:09Z,NA,cb,cb,gb,robot,2,2,2,2,2,2,2,4,4,4,4,4,4,4,4,4,4,4,4,4,4,-999,-999,-999,-999,-999,2,2,2,2,2,2,2,4,4,4,4,4,4,4,4,4,4,4,4,4,4,-999,-999,-999,-999,-999,2,2,2,1,NA,2,2,4,4,4,-999,2,2,4,4,4,-999,2,m,16,L12
D-B69PBnt3N3MCSaVpeuAs24qziE_pbV3Jgs1EzV64rVHjK5O3to5IeTF6DF6-Ar,2020-12-19T09:24:00Z,2020-12-19T09:41:37Z,2020-12-19T09:41:37Z,NA,gb,gb,cb,moral,2,1,3,1,1,1,3,3,2,2,2,3,2,4,4,3,4,2,3,4,3,3,3,-999,3,-999,2,1,4,3,3,2,4,2,2,2,2,3,2,2,4,2,2,3,3,3,3,2,2,1,2,2,3,4,3,1,NA,1.75,1.6666666666666667,2.3333333333333335,3.75,3,-397.8,2.5,3,2.1666666666666665,2.5,3,1.8,3.3333333333333335,f,50,L12
d2pF7kWYz8lSjvrU5qPcR5PTbD3IkmfNdfhi6GmeA0sSZwJJoxr2xReHh1q1Bysc,2020-12-18T18:04:07Z,2020-12-18T18:15:00Z,2020-12-18T18:15:00Z,NA,cc,cc,gb,robot,1,4,1,4,3,2,3,2,2,2,2,2,2,2,2,2,2,2,2,2,2,-999,-999,-999,-999,-999,1,4,1,4,3,2,3,2,2,2,2,2,2,2,2,2,2,2,2,2,2,1,1,1,1,1,4,4,4,1,NA,2.5,2.6666666666666665,2,2,2,-999,2.5,2.6666666666666665,2,2,2,1,4,m,35,L34
de4GzvEGCrWW-86uH3YSmzxq7TecOuF0mVewv4mkSw51bDjaQbmPgsBkesvZnWzS,2020-12-23T18:25:54Z,2020-12-23T18:41:16Z,2020-12-23T18:41:16Z,NA,cb,cb,gb,robot,2,3,2,3,2,3,3,3,3,4,2,4,3,4,2,3,2,5,2,3,3,3,2,3,3,2,2,3,2,3,3,3,3,2,3,3,3,2,3,4,4,4,3,3,3,4,3,3,2,2,3,2,4,4,4,1,NA,2.5,2.6666666666666665,3.1666666666666665,2.75,3.25,2.6,2.5,3,2.6666666666666665,3.75,3.25,2.4,4,f,16,L34
De8AnIwlJ4t2QzC8b39iPRHvl4A-3x_BEUgipzMHuYcJKj9G4soUjDaYLIQeEeGf,2020-12-24T14:45:32Z,2020-12-24T15:02:28Z,2020-12-24T15:02:29Z,NA,cc,cc,cb,moral,3,4,3,3,3,2,3,2,2,1,1,1,2,2,3,2,3,2,4,2,2,3,3,-999,4,3,4,4,3,3,3,2,3,1,1,2,1,2,1,1,1,2,2,3,3,2,3,4,4,4,4,4,4,4,3,1,NA,3.25,2.6666666666666665,1.5,2.5,2.5,-197.2,3.5,2.6666666666666665,1.3333333333333333,1.5,2.75,4,3.6666666666666665,f,35,L34
DjcM7CwqH9s7o7aoKQAn7LKtFaclMB_ey3Pc2609ph-VYi3BNO0DhhS_6gyPKoWo,2020-12-18T10:29:58Z,2020-12-18T10:37:15Z,2020-12-18T10:37:15Z,NA,cb,cb,cc,robot,3,3,1,3,2,2,3,3,2,3,3,3,3,3,2,2,2,3,3,3,2,-999,-999,-999,3,-999,2,3,2,3,3,2,3,3,2,2,2,2,3,2,2,2,2,2,2,2,2,-999,-999,-999,3,-999,2,3,2,1,NA,2.5,2.3333333333333335,2.8333333333333335,2.25,2.75,-798.6,2.5,2.6666666666666665,2.3333333333333335,2,2,-798.6,2.3333333333333335,f,50,L34
DoV5eBdn2iIRrfAYQbYh6k8eLDiZctP3PUBMzRoV88ddGoUpYZUhl-2aodYrg3z7,2021-01-08T15:56:44Z,2021-01-08T16:05:14Z,2021-01-08T16:05:14Z,NA,gb,gb,cb,moral,1,4,4,1,4,1,4,2,4,2,2,4,3,3,3,3,2,2,2,2,3,1,1,1,1,1,4,4,4,4,4,1,4,2,4,4,3,4,4,2,4,4,2,2,3,3,3,1,1,1,1,1,4,4,4,1,NA,2.5,3,2.8333333333333335,2.75,2.25,1,4,3,3.5,3,2.75,1,4,m,16,L12
DPjOEbk2NkyTQ8OcwpMmAZ0xtqd2OLJKnnLVOlgYUKrK5CqT0bw4FpFVmD5qU0jj,2020-12-29T13:16:11Z,2020-12-29T13:26:02Z,2020-12-29T13:26:02Z,NA,cc,cc,gb,moral,2,3,4,4,2,3,1,2,1,1,2,2,1,5,1,3,3,2,1,1,1,3,1,-999,4,-999,4,4,1,4,3,3,4,6,4,1,1,1,6,2,1,2,2,2,1,1,1,4,-999,1,1,-999,4,3,4,1,NA,3.25,2,1.5,3,1.25,-398,3.25,3.3333333333333335,3.1666666666666665,1.75,1.25,-398.4,3.6666666666666665,m,50,app
dtCnLJXbupabFWM0Yx-rTrIVaCJQ7Egqt62rlCOqcXQ7jD1AhYm81dAunAXKxlL5,2020-12-29T23:10:47Z,2020-12-29T23:14:06Z,2020-12-29T23:14:07Z,NA,gb,gb,cc,robot,2,4,2,3,1,3,1,6,4,4,4,4,4,4,4,4,4,2,4,4,6,1,4,3,2,2,1,2,3,2,3,2,2,2,3,3,3,3,1,3,3,4,3,3,2,3,4,4,4,4,4,4,3,3,2,1,NA,2.75,1.6666666666666667,4.333333333333333,4,4,2.4,2,2.3333333333333335,2.5,3.25,3,4,2.6666666666666665,f,35,app
DtcwdFWth6A5-7og-yJ58PKyyM7JpDST-1DRIu0lEaIPkHY2KGYTGxdmPG2_kdd6,2021-01-01T18:16:23Z,2021-01-02T09:30:54Z,2021-01-02T09:30:54Z,NA,cc,cc,gb,moral,2,2,2,3,3,2,3,3,3,3,3,3,3,3,3,3,3,3,3,3,3,-999,-999,-999,3,-999,3,2,2,3,2,2,2,3,4,4,4,4,4,4,4,4,4,3,4,4,4,2,2,2,2,2,3,3,3,1,NA,2.25,2.6666666666666665,3,3,3,-798.6,2.5,2,3.8333333333333335,4,3.75,2,3,m,16,app
e-vAn3orfSMgBZ9pXUAbVkBN6N_wKAXqvxq0nEz64DL6V4OL1Df-bKUYK-h7J1oR,2020-12-29T12:42:13Z,2020-12-29T12:54:12Z,2020-12-29T12:54:13Z,NA,cc,cc,gb,robot,2,2,2,3,2,3,2,3,3,3,4,3,3,3,3,3,3,3,4,4,3,2,3,3,3,3,2,2,2,2,3,3,3,3,3,3,3,3,3,3,3,3,3,4,4,4,3,3,3,3,3,3,4,4,4,2,NA,2.25,2.3333333333333335,3.1666666666666665,3,3.5,2.8,2,3,3,3,3.75,3,4,f,50,L34
eXwS-f50sLw0qTilla_VRI5KFZVdyNwlldFNK6KguWq_qri7y7PhbLe6xk2aBH9r,2021-01-01T23:32:20Z,2021-01-01T23:35:32Z,2021-01-01T23:35:33Z,NA,cb,cb,gb,robot,2,2,3,1,3,4,2,3,5,5,4,4,6,1,2,5,2,2,3,3,2,3,2,4,2,4,1,3,2,3,1,3,2,1,6,1,3,2,5,3,1,1,3,4,4,5,1,3,1,2,4,3,2,3,2,1,NA,2,3,4.5,2.5,2.5,3,2.25,2,3,2,3.5,2.6,2.3333333333333335,f,16,app
FF-wcg3mcs_q0qitlBlM3YsRz8Cj1zDotzGIigVS4m_VX2qFJHFdKMtmpMLuXSOf,2020-12-18T18:33:42Z,2020-12-18T18:37:49Z,2020-12-18T18:37:49Z,NA,cc,cc,gb,moral,4,3,2,3,2,3,1,3,2,4,5,3,3,6,6,4,6,4,4,4,5,3,3,4,2,3,3,3,2,4,3,3,4,2,2,3,4,2,3,2,5,3,4,2,2,3,2,3,4,3,3,4,4,3,3,2,NA,3,2,3.3333333333333335,5.5,4.25,3,3,3.3333333333333335,2.6666666666666665,3.5,2.25,3.4,3.3333333333333335,f,35,L34
FfMbdQw_zpzPRglRjWR5Ajv9N-7pOhZiSKFK802ZGnrcRJ-DTiy2s0ACWszYrhDm,2021-01-08T14:10:21Z,2021-01-08T14:12:58Z,2021-01-08T14:12:59Z,NA,cc,cc,gb,moral,2,2,2,2,2,2,3,3,4,3,4,4,3,4,3,4,4,4,3,3,4,-999,-999,-999,-999,-999,2,2,2,3,2,2,3,4,4,4,3,4,3,4,4,4,4,4,4,4,4,3,-999,-999,2,-999,3,3,3,1,NA,2,2.3333333333333335,3.5,3.75,3.5,-999,2.25,2.3333333333333335,3.6666666666666665,4,4,-598.4,3,f,16,L12
fGH_uw7YhCYKaIlGYGGEFA2jfy_CPOLZJzVGfQUPnS0Xv8vl19r1ljvOLyuHTIUH,2020-12-18T19:55:23Z,2020-12-28T08:15:09Z,2020-12-28T08:15:09Z,NA,cc,cc,cb,moral,3,2,3,2,2,3,3,2,2,2,2,2,2,2,2,3,2,3,2,2,3,3,3,3,3,3,3,2,2,2,3,3,3,2,2,1,1,1,2,2,2,2,2,2,2,1,2,4,3,4,3,4,3,3,3,1,NA,2.5,2.6666666666666665,2,2.25,2.5,3,2.25,3,1.5,2,1.75,3.6,3,m,35,L34
FHDrOZ591R4JQSSjk3BEiCT1ZRLBAChKXRv6r_0IWC51rh0t_LiHygscg0gaZgSS,2020-12-24T01:06:22Z,2020-12-24T01:08:15Z,2020-12-24T01:08:15Z,NA,cc,cc,cb,robot,3,4,3,4,3,4,3,3,4,4,3,2,5,3,3,3,3,4,4,3,3,3,4,3,3,3,3,3,4,3,4,3,3,4,4,1,2,3,4,3,3,4,4,4,2,2,3,4,4,4,3,3,3,4,4,1,NA,3.5,3.3333333333333335,3.5,3,3.5,3.2,3.25,3.3333333333333335,3,3.5,2.75,3.6,3.6666666666666665,f,16,L34
FkeeNzERrW72e4aZC26-TjJtqDZgGkcZERRyvKAfl5ZgCZ1lKg9SS0ido6Nr2dWz,2020-12-26T10:00:02Z,2020-12-26T10:08:46Z,2020-12-26T10:08:46Z,NA,cb,cb,cc,moral,3,4,3,3,3,1,4,3,2,3,2,2,3,2,2,2,2,2,2,3,2,4,4,4,4,4,3,4,2,4,2,2,3,2,2,2,2,2,2,2,2,2,2,2,2,4,2,1,2,1,2,2,4,4,4,1,NA,3.25,2.6666666666666665,2.5,2,2.25,4,3.25,2.3333333333333335,2,2,2.5,1.6,4,f,35,L34
Fprw2q3bL5VR3yamA0f42uZbjFf6tTyf9VkVP2coBvXh94G6jb3PzrIxnsZHRemr,2020-12-18T09:55:11Z,2020-12-18T09:57:35Z,2020-12-18T09:57:35Z,NA,cc,cc,cb,robot,2,2,2,2,3,2,3,1,1,1,2,2,1,2,2,2,2,2,2,1,1,3,3,3,3,3,2,2,2,2,3,2,3,1,2,1,2,1,1,2,1,2,2,2,2,1,2,3,3,3,3,3,3,4,3,1,NA,2,2.6666666666666665,1.3333333333333333,2,1.5,3,2,2.6666666666666665,1.3333333333333333,1.75,1.75,3,3.3333333333333335,m,35,L34
fubrmKua_lokKh-XjLS-2ZhZxYggOm76XExO32dprIxYP5KOAY_-koCxZXi7r548,2020-12-18T20:14:51Z,2020-12-18T20:23:19Z,2020-12-18T20:23:19Z,NA,cb,cb,cc,moral,3,3,2,3,3,2,2,4,4,3,3,3,4,4,4,4,3,3,3,4,3,3,3,3,-999,3,3,3,2,3,2,2,2,4,4,4,3,4,3,3,3,4,3,3,4,4,3,2,2,2,2,2,3,3,3,3,NA,2.75,2.3333333333333335,3.5,3.75,3.25,-197.4,2.75,2,3.6666666666666665,3.25,3.5,2,3,m,50,L34
FUm9hyLUGEwhblAc6fwjp548HcQwPspAicmkUtT7VmtENvbc98XzJ2_K5IFPeaO9,2021-01-08T13:12:23Z,2021-01-08T13:20:40Z,2021-01-08T13:20:40Z,NA,gb,gb,cc,moral,2,3,3,3,2,3,2,4,4,4,4,4,4,4,4,4,4,4,4,4,4,-999,-999,-999,-999,-999,2,2,2,2,2,2,2,4,4,4,4,4,4,4,4,4,4,4,4,4,4,-999,-999,-999,-999,-999,3,3,3,1,NA,2.75,2.3333333333333335,4,4,4,-999,2,2,4,4,4,-999,3,m,16,app
fYG3EL6ixDvPKy75k9Jzm9YiFGhyD9KPkXLhcybBdynNnY-ZX0sMZkf8K-Yo0PCJ,2020-12-18T09:20:34Z,2020-12-18T09:27:41Z,2020-12-18T09:27:41Z,NA,cc,cc,gb,robot,2,4,2,4,3,1,4,1,1,2,1,2,2,1,1,2,1,2,1,2,2,4,4,3,4,-999,3,4,3,3,3,1,3,2,2,2,1,3,2,2,3,3,2,3,2,2,3,4,4,-999,4,4,2,3,1,1,NA,3,2.6666666666666665,1.5,1.25,1.75,-196.8,3.25,2.3333333333333335,2,2.5,2.5,-196.6,2,m,50,L12
G-qSxdwZ_53RYvEcRBULDB1pmiUvDjAsyLdmdgPBPP0MD7tGiPQ4youyT9u3NawC,2020-12-19T15:28:52Z,2020-12-19T15:30:43Z,2020-12-19T15:30:43Z,NA,cb,cb,cc,robot,3,2,2,2,3,3,2,2,2,2,2,2,3,2,2,4,2,2,2,2,2,1,4,3,4,2,3,3,2,2,1,2,3,3,3,2,2,5,2,2,2,3,3,3,2,3,3,2,3,2,3,3,3,3,3,1,NA,2.25,2.6666666666666665,2.1666666666666665,2.5,2,2.8,2.5,2,2.8333333333333335,2.5,2.75,2.6,3,m,16,L12
g-tpaSGqYUaWheFWIdoVsZcw2VbP9H0rU0PJz6ndgDB9k_s5eUdC603kRw7qSC3v,2020-12-21T16:32:45Z,2020-12-21T16:37:23Z,2020-12-21T16:37:24Z,NA,gb,gb,cb,robot,2,3,2,3,3,3,3,1,1,1,1,1,1,2,1,2,1,2,1,1,1,4,4,4,4,4,1,2,2,2,4,1,4,1,1,1,1,1,1,2,1,1,1,2,1,1,1,3,3,3,3,3,3,2,3,1,NA,2.5,3,1,1.5,1.25,4,1.75,3,1,1.25,1.25,3,2.6666666666666665,f,50,L34
G83szJjOvzCdey1RNWx4xDfOkxQBWAssCkTxdtC0NU-nnh0_BqkZykHAG1ucjZoD,2020-12-30T18:50:04Z,2020-12-30T19:04:58Z,2020-12-30T19:04:59Z,NA,cc,cc,cb,moral,3,2,3,4,1,2,2,3,2,2,3,3,3,2,3,4,3,2,1,3,3,3,3,4,3,4,2,3,3,3,3,3,2,3,2,2,1,2,3,4,5,3,4,3,4,4,3,3,3,2,2,3,3,3,2,1,NA,3,1.6666666666666667,2.6666666666666665,3,2.25,3.4,2.75,2.6666666666666665,2.1666666666666665,4,3.5,2.6,2.6666666666666665,f,50,app
GEwExAny62QLgJRIIPUbdKhG9DMhirUcfB5iA1utfH2sfEVMyh2ahbp0d_CzCcq9,2020-12-18T20:19:04Z,2020-12-18T20:26:39Z,2020-12-18T20:26:39Z,NA,cb,cb,cc,robot,2,1,3,3,3,1,3,1,1,1,1,1,1,1,1,1,1,1,1,1,1,3,4,4,4,4,2,3,2,3,3,3,3,1,1,1,1,1,1,1,1,1,1,1,1,1,1,4,4,4,4,4,3,3,1,1,NA,2.25,2.3333333333333335,1,1,1,3.8,2.5,3,1,1,1,4,2.3333333333333335,f,50,app
Gh10YLw0NwoS8yka-M-Fgst4uKmNmCDC7FA7dhxRHJfxltEdChu4S1aqANSk0Nl2,2020-12-29T13:08:27Z,2020-12-29T13:12:57Z,2020-12-29T13:12:57Z,NA,gb,gb,cb,moral,1,2,2,1,1,1,1,5,5,7,7,4,7,7,7,7,7,5,5,4,5,3,3,3,2,3,2,1,1,3,1,1,2,5,6,6,7,7,5,6,4,5,5,6,5,5,5,1,2,3,1,1,1,1,1,1,NA,1.5,1,5.833333333333333,7,4.75,2.8,1.75,1.3333333333333333,6,5,5.25,1.6,1,m,50,app
GhuR-oq6Gu4n5m7OrfbM6y8Qjqven4KfSW3I6eFcnPelN7MCd58ouIyPGbyzqvRt,2020-12-19T08:58:47Z,2020-12-19T09:20:33Z,2020-12-19T09:20:34Z,NA,gb,gb,cc,robot,2,3,2,3,3,2,3,2,2,2,2,3,2,2,2,3,3,3,3,3,2,2,1,1,2,1,2,2,2,2,3,2,3,2,2,2,2,2,2,2,2,3,2,2,2,2,2,-999,-999,-999,-999,-999,4,4,2,1,NA,2.5,2.6666666666666665,2.1666666666666665,2.5,2.75,1.4,2,2.6666666666666665,2,2.25,2,-999,3.3333333333333335,m,16,L34
GnzAqos2YgEDsbFdEX3gwbGOjGrbsMkIo8TKiyJ2owG4EvPXS7G5GwOQJJPyBTvy,2020-12-23T22:31:03Z,2020-12-23T22:32:53Z,2020-12-23T22:32:53Z,NA,cb,cb,cc,moral,3,4,3,3,3,3,3,4,6,4,6,5,6,5,6,6,6,6,5,4,5,4,3,3,2,3,3,3,2,3,2,3,2,4,6,3,4,4,4,4,4,5,3,4,4,5,4,2,2,2,3,3,2,3,3,1,NA,3.25,3,5.166666666666667,5.75,5,3,2.75,2.3333333333333335,4.166666666666667,4,4.25,2.4,2.6666666666666665,m,16,L12
GRqsEubla6mElWBhcePRy49Sib-xcDSJy79HFe7JVZW9mz3y2gQk4gWJ3DF2RS39,2021-01-08T16:55:48Z,2021-01-08T17:05:44Z,2021-01-08T17:05:45Z,NA,gb,gb,cc,robot,3,3,3,3,2,3,2,4,3,2,3,3,2,4,4,4,4,4,4,3,3,1,1,1,1,1,3,2,2,3,3,3,2,4,3,2,3,3,3,3,4,4,4,4,4,3,4,1,1,-999,1,1,4,4,4,1,NA,3,2.3333333333333335,2.8333333333333335,4,3.5,1,2.5,2.6666666666666665,3,3.75,3.75,-199,4,f,50,L34
gTcna1o0y6ulxSaLo6gWxd-19NoVXH88CgYM_kWsYbMrNWBGD_vZG_vUjxz5a00I,2020-12-18T17:03:17Z,2020-12-18T17:33:17Z,2020-12-18T17:33:17Z,NA,cc,cc,cb,robot,3,3,3,2,3,2,2,4,4,4,5,4,4,4,4,3,4,4,4,4,4,3,3,3,3,3,3,2,2,3,3,3,3,4,4,4,5,4,3,4,3,4,5,4,4,4,4,2,3,3,3,3,3,3,3,1,NA,2.75,2.3333333333333335,4.166666666666667,3.75,4,3,2.5,3,4,4,4,2.8,3,m,35,L34
GVjsMljXAcq_WAZteME7FnK0tpRvQRUX_ZYAE3gf3_Ci932QrirwWd0_IINRNlHI,2020-12-24T00:59:16Z,2020-12-24T01:02:27Z,2020-12-24T01:02:27Z,NA,gb,gb,cc,robot,3,4,3,3,3,3,4,4,4,4,3,3,3,5,3,4,3,3,4,4,3,2,4,3,3,3,3,4,3,4,3,4,4,3,5,4,4,4,6,4,3,4,3,5,4,3,4,4,3,3,3,3,3,3,4,1,NA,3.25,3.3333333333333335,3.5,3.75,3.5,3,3.5,3.6666666666666665,4.333333333333333,3.5,4,3.2,3.3333333333333335,f,16,L34
GyM5DTcYJAYTsrWL_UgItE2KiXQfE93I4p-yEDIzFB6Artdb-EsDNxyDgeCbKCsP,2020-12-19T12:05:30Z,2020-12-19T12:08:44Z,2020-12-19T12:08:45Z,NA,gb,gb,cb,robot,2,3,3,3,3,2,2,4,5,5,5,3,6,4,5,5,5,6,4,5,5,3,2,2,3,3,2,3,2,3,3,2,3,5,4,5,4,5,5,5,4,3,5,4,5,4,5,3,3,2,3,3,3,3,3,1,NA,2.75,2.3333333333333335,4.666666666666667,4.75,5,2.6,2.5,2.6666666666666665,4.666666666666667,4.25,4.5,2.8,3,m,16,L34
H1ZAZrGk2Gp97Ez1jqm-FrOhNsRTeRKYuQ285CqXzdppi8zCysJdEG1-RkGoQpZq,2020-12-18T16:48:32Z,2020-12-18T16:51:28Z,2020-12-18T16:51:28Z,NA,gb,gb,cc,moral,2,3,2,2,3,3,2,3,3,3,3,3,5,3,3,4,4,4,5,4,3,-999,-999,-999,-999,-999,3,3,2,3,3,3,3,3,3,3,3,3,4,5,3,4,4,4,3,4,3,-999,-999,-999,-999,-999,3,3,2,1,NA,2.25,2.6666666666666665,3.3333333333333335,3.5,4,-999,2.75,3,3.1666666666666665,4,3.5,-999,2.6666666666666665,m,50,app
H3d7WB_dmNVFGcvJbEDJ9md2-MFaFsNsi5Wh1KP9y5v0AoKlP0dUQ1_OYz7CScNU,2020-12-18T09:17:51Z,2020-12-18T09:24:57Z,2020-12-18T09:24:58Z,NA,gb,gb,cc,robot,2,3,3,3,3,2,3,3,3,3,2,3,3,3,3,3,3,2,3,3,2,1,-999,1,1,1,2,3,3,3,3,2,3,3,3,3,3,3,3,3,3,3,3,3,3,3,3,-999,-999,-999,-999,-999,4,4,2,1,NA,2.75,2.6666666666666665,2.8333333333333335,3,2.5,-199,2.75,2.6666666666666665,3,3,3,-999,3.3333333333333335,f,16,L34
H477s3k7UCikPDQ38eMmy0RA1ljbiMyugthUdnTnHwiC8S8CIrZS02sROV-QRtF2,2020-12-18T17:02:20Z,2020-12-18T17:04:25Z,2020-12-18T17:04:25Z,NA,cb,cb,cc,robot,3,2,1,1,1,4,1,7,5,6,4,4,3,4,4,7,4,6,5,5,6,2,1,3,4,1,3,2,1,4,1,1,2,3,5,6,3,2,4,6,5,1,2,1,3,4,2,4,2,-999,2,3,2,1,1,1,NA,1.75,2,4.833333333333333,4.75,5.5,2.2,2.5,1.3333333333333333,3.8333333333333335,3.5,2.5,-197.6,1.3333333333333333,m,50,L34
hGng6VFFNf83UupWzgA2VcZPntwKz91bz-pSilegU5FFtRpAwePAqv30eYLpGyUo,2020-12-18T08:01:50Z,2020-12-18T08:06:42Z,2020-12-18T08:06:42Z,NA,cb,cb,gb,moral,2,3,3,2,2,2,2,4,6,4,6,4,4,4,6,4,6,6,2,4,4,2,3,2,2,3,3,2,2,2,3,2,3,6,6,6,6,6,6,6,6,6,2,4,4,6,4,3,2,2,3,3,4,2,2,3,NA,2.5,2,4.666666666666667,5,4,2.4,2.25,2.6666666666666665,6,5,4.5,2.6,2.6666666666666665,m,50,L12
HKjkwt3t0W6HV3p8dMFFbavzi1nUEP6d7vjPSImKKSdzQbY3XAThet9BbryjktCL,2020-12-29T23:11:00Z,2020-12-29T23:20:02Z,2020-12-29T23:20:02Z,NA,cb,cb,cc,robot,3,3,3,3,2,3,2,5,5,4,5,4,4,5,4,4,4,5,5,5,4,3,3,3,3,3,3,3,3,3,2,3,2,4,4,4,4,4,4,4,4,4,4,4,4,4,4,3,3,3,3,3,3,3,2,1,NA,3,2.3333333333333335,4.5,4.25,4.75,3,3,2.3333333333333335,4,4,4,3,2.6666666666666665,f,35,app
hmD6wDr1SwZguu1nyVRlccMFjwJf2EIUALvpoTr1JOX3Y2qbpaWfnLImllhPxizn,2020-12-29T14:05:32Z,2020-12-29T14:17:44Z,2020-12-29T14:17:44Z,NA,cb,cb,gb,robot,3,3,4,4,4,3,3,2,1,1,3,2,2,2,2,2,4,4,3,2,3,3,-999,3,3,3,3,4,2,3,3,4,3,2,1,1,1,1,1,3,1,3,4,4,4,1,2,4,-999,-999,3,4,3,3,3,1,NA,3.5,3.3333333333333335,1.8333333333333333,2.5,3,-197.4,3,3.3333333333333335,1.1666666666666667,2.75,2.75,-397.4,3,f,50,app
hUd42ElsBCjTWuRiAGCkbWZX6SK3y-YppGvn9UPUretmUXNLwsuVHqt-MjZz8cV4,2020-12-23T19:38:35Z,2020-12-23T19:56:01Z,2020-12-23T19:56:01Z,NA,cc,cc,cb,robot,3,2,4,2,3,3,3,3,3,2,3,2,5,3,3,4,6,4,4,4,4,4,4,3,3,3,3,2,2,3,2,2,2,2,4,3,4,3,3,3,3,5,4,4,3,5,5,4,4,4,3,4,4,4,2,1,NA,2.75,3,3,4,4,3.4,2.5,2,3.1666666666666665,3.75,4.25,3.8,3.3333333333333335,m,50,app
hvIFnOYYorQ6XzVIA4mpPtk1Uv-_Zj1TnTt5rK3lP0Xzz5GfUuc3FJ3kWNd30xt1,2020-12-31T12:49:09Z,2020-12-31T12:54:39Z,2020-12-31T12:54:39Z,NA,gb,gb,cc,robot,3,3,2,4,2,3,2,2,2,3,4,3,3,4,5,4,3,4,4,4,4,1,4,2,3,2,2,3,1,2,2,3,2,5,2,2,5,3,2,5,4,5,4,5,4,4,5,2,3,1,4,3,2,3,2,1,NA,3,2.3333333333333335,2.8333333333333335,4,4,2.4,2,2.3333333333333335,3.1666666666666665,4.5,4.5,2.6,2.3333333333333335,f,50,app
hvqKJRkhCUSvHf9RBXiVLuBVuYgal35oHTAo2XUqLR3mn5ZxIPL-YXfwiTgE-One,2020-12-18T16:46:25Z,2020-12-18T17:00:32Z,2020-12-18T17:00:32Z,NA,cb,cb,cc,moral,1,3,2,2,2,3,3,2,2,2,2,2,2,2,2,4,2,2,2,2,2,4,4,4,4,4,1,2,1,2,3,2,3,2,2,2,1,2,2,2,2,3,2,2,2,2,2,3,-999,-999,-999,-999,4,4,4,1,NA,2,2.6666666666666665,2,2.5,2,4,1.5,2.6666666666666665,1.8333333333333333,2.25,2,-798.6,4,m,35,L34
HYYVxlcW41GHks3m8FHEVs48Zz_4CavgcordwKSoO5PaQABm_nAYQlaleym6frWL,2020-12-28T12:11:58Z,2020-12-28T12:20:29Z,2020-12-28T12:20:29Z,NA,gb,gb,cc,moral,1,3,4,2,2,2,2,1,2,2,2,2,2,6,2,4,3,4,4,1,3,3,1,1,1,1,1,3,2,2,3,2,3,3,2,3,4,3,1,5,4,3,4,6,6,6,6,-999,-999,3,-999,-999,4,4,1,1,NA,2.5,2,1.8333333333333333,3.75,3,1.4,2,2.6666666666666665,2.6666666666666665,4,6,-798.6,3,f,16,L12
ijfCsEIZ3Qrm4m_yjtWewyO_iHdRbTEzpvg3Uc7tJN7vBpMVSi8wp6A43wMwX9d-,2020-12-23T19:38:29Z,2020-12-23T19:40:23Z,2020-12-23T19:40:24Z,NA,cc,cc,cb,moral,2,2,2,2,2,2,2,4,4,4,4,4,4,4,4,4,4,4,4,4,4,-999,-999,-999,-999,-999,2,2,2,2,2,2,2,4,4,4,4,4,4,4,4,4,4,4,4,4,4,-999,-999,-999,-999,-999,3,4,2,3,NA,2,2,4,4,4,-999,2,2,4,4,4,-999,3,f,16,app
ILAR7x_TrYCurU4hW1S38S5tSMmwj5VBB10gInaFfwgep-aKW5PuhwQ4dPDI9vGu,2021-01-08T12:29:46Z,2021-01-08T18:01:34Z,2021-01-08T18:01:34Z,NA,cc,cc,cb,robot,3,4,2,4,3,2,3,1,1,2,3,2,2,2,1,2,3,3,3,1,3,4,4,4,4,4,3,3,2,4,3,2,3,1,1,1,1,1,1,1,1,1,1,1,1,1,1,-999,-999,-999,-999,-999,4,3,3,1,NA,3.25,2.6666666666666665,1.8333333333333333,2,2.5,4,3,2.6666666666666665,1,1,1,-999,3.3333333333333335,f,16,L12
iNTz1BEFGcRf5-SZGrbTVZZorn5w5eDAwIbnoW11hn9HlJMupDCOTzyyuTBioJJx,2020-12-18T17:26:49Z,2020-12-18T17:44:44Z,2020-12-18T17:44:44Z,NA,cb,cb,gb,moral,1,4,4,3,3,2,3,4,3,3,3,3,3,3,4,3,3,4,4,3,4,3,4,4,4,4,2,3,1,4,2,2,2,4,3,4,4,4,4,4,4,4,4,3,4,4,4,1,1,1,2,1,4,4,2,1,NA,3,2.6666666666666665,3.1666666666666665,3.25,3.75,3.8,2.5,2,3.8333333333333335,4,3.75,1.2,3.3333333333333335,m,35,L34
iPkx5VBBP6yEV-JVsuZI3Hp8oGhgLlCi0uqzI1KrpvzpHzxBVnm9E27mtnGdpCyU,2020-12-31T12:55:43Z,2020-12-31T13:02:03Z,2020-12-31T13:02:03Z,NA,gb,gb,cb,moral,3,3,3,3,3,2,3,2,2,3,2,2,3,3,3,3,3,2,2,2,3,3,3,-999,-999,-999,2,3,2,3,3,2,3,2,2,2,2,2,2,3,2,2,2,2,2,2,3,4,4,4,3,4,3,3,3,1,NA,3,2.6666666666666665,2.3333333333333335,3,2.25,-598.2,2.5,2.6666666666666665,2,2.25,2.25,3.8,3,f,50,app
iwHZZ2me3qU3hXEdJsUDeUwQA0GQCBu9ofTK03RKqvyXSPYlEkfi95UHmrA_Y_0z,2020-12-18T09:32:54Z,2020-12-18T09:41:13Z,2020-12-18T09:41:13Z,NA,gb,gb,cb,moral,4,4,2,4,1,4,1,7,4,3,6,4,3,4,6,6,7,6,7,7,3,2,2,2,1,2,2,2,2,2,2,3,2,6,6,4,5,3,5,2,4,2,2,3,4,3,3,3,4,4,3,4,1,4,1,1,NA,3.5,2,4.5,5.75,5.75,1.8,2,2.3333333333333335,4.833333333333333,2.5,3.25,3.6,2,f,50,L34
J-hiPQ-oyFF5iRuEoo_Jz6tzPiCR3nmSnkgOvMKk-IjH8etRA0QK510AxaVucCK3,2020-12-24T13:10:26Z,2020-12-24T13:15:01Z,2020-12-24T13:15:01Z,NA,cc,cc,gb,moral,2,2,2,4,2,3,2,1,3,2,2,3,2,4,4,2,4,4,4,2,4,3,4,-999,1,3,3,2,3,3,2,2,2,2,2,2,2,2,2,4,3,2,4,4,3,3,3,4,-999,1,3,2,3,3,1,1,NA,2.5,2.3333333333333335,2.1666666666666665,3.5,3.5,-197.6,2.75,2,2,3.25,3.25,-197.8,2.3333333333333335,f,50,app
JES_K5_mkV2hR2ndYBik6O_zinVbVHWNzkCxlPU7QiI28kUwBS2fWWqUmtUOm1Zp,2020-12-29T13:21:36Z,2020-12-29T13:25:27Z,2020-12-29T13:25:27Z,NA,cc,cc,cb,robot,3,2,2,2,2,2,2,4,5,6,3,5,4,6,4,4,4,4,2,5,6,3,3,3,2,3,3,3,2,3,2,2,2,5,4,4,5,3,2,3,5,4,4,3,3,6,4,2,3,2,2,2,3,2,3,1,NA,2.25,2,4.5,4.5,4.25,2.8,2.75,2,3.8333333333333335,4,4,2.2,2.6666666666666665,f,50,app
JfRkEGfW1Q696TzoiRRTd83BDgGBjyG3Qs3iOryI8oOyy2fsNBoTlvBYVnVxRCAu,2020-12-18T08:06:07Z,2020-12-18T14:17:00Z,2020-12-18T14:17:00Z,NA,cc,cc,gb,robot,1,4,1,3,3,1,4,1,1,1,1,1,1,1,1,1,1,1,1,1,1,4,4,4,4,4,1,2,1,2,3,3,3,3,1,1,1,1,1,1,3,3,1,1,1,3,3,4,1,1,1,1,4,4,4,3,NA,2.25,2.6666666666666665,1,1,1,4,1.5,3,1.3333333333333333,2,2,1.6,4,m,50,L34
Jj9xF4QykBfkU65V4lBLdRSYlvSAVveEV71GSMAUr4XHHxx3iN3bzu_Jh20V0SVy,2020-12-19T07:27:04Z,2020-12-19T07:32:15Z,2020-12-19T07:32:15Z,NA,gb,gb,cb,robot,2,3,3,3,3,3,3,3,4,2,2,3,3,3,3,3,4,3,4,3,4,2,2,1,2,1,2,3,1,2,2,1,1,3,3,4,2,2,2,3,3,4,2,3,2,4,4,2,1,4,1,3,1,1,2,1,NA,2.75,3,2.8333333333333335,3.25,3.5,1.6,2,1.3333333333333333,2.6666666666666665,3,3.25,2.2,1.3333333333333333,m,35,L34
jmXqGDrzzrDuxR2WWaEOXhQCDrMrl8Bss3QmfzJt-KF1iSuEjCavV_qNPvoNG6zT,2020-12-18T08:07:51Z,2020-12-18T08:21:38Z,2020-12-18T08:21:38Z,NA,cb,cb,gb,robot,1,4,2,4,4,1,4,1,2,2,2,2,1,2,2,2,2,2,2,2,2,3,4,4,-999,-999,2,2,1,3,3,2,3,2,2,3,2,2,3,3,2,3,3,2,2,3,3,2,-999,-999,-999,-999,4,3,3,1,NA,2.75,3,1.6666666666666667,2,2,-397.4,2,2.6666666666666665,2.3333333333333335,2.75,2.5,-798.8,3.3333333333333335,m,50,L34
JzfzVPD07oVmxsCukUh2Jr-I9358qFbPy9z-nNdDj7-KOjnwCU7ap5jelrqY8V5k,2020-12-31T13:48:09Z,2020-12-31T13:59:24Z,2020-12-31T13:59:24Z,NA,gb,gb,cb,moral,2,3,3,3,2,3,2,3,4,4,5,4,4,5,3,5,4,4,5,4,3,3,3,3,1,2,3,3,3,3,2,2,2,4,4,4,4,4,3,4,4,3,4,5,4,5,4,3,3,3,2,2,2,3,2,1,NA,2.75,2.3333333333333335,4,4.25,4,2.4,3,2,3.8333333333333335,3.75,4.5,2.6,2.3333333333333335,f,50,app
jzyjLtGQEyuFnDgmjQP5Y4BPYVCSZzI98WT1x_d8PtOM6If5ihA9dwwbD39vxCs0,2020-12-19T02:32:41Z,2020-12-19T02:41:27Z,2020-12-19T02:41:27Z,NA,gb,gb,cb,moral,3,3,3,3,3,3,3,3,2,3,2,2,3,3,3,3,3,3,3,3,3,1,1,1,1,1,3,3,3,3,2,2,3,2,1,2,2,2,1,2,2,2,2,2,2,2,2,4,4,4,4,4,4,4,2,1,NA,3,3,2.5,3,3,1,3,2.3333333333333335,1.6666666666666667,2,2,4,3.3333333333333335,f,35,L34
k3Fx4bam8kidso1961YnLWRQRbBdYvbJwsjQXYKXkY5bMwnKVa1r8IQ5E__dHDRa,2020-12-23T17:47:47Z,2020-12-23T17:54:02Z,2020-12-23T17:54:02Z,NA,gb,gb,cc,moral,3,3,3,3,2,3,2,3,3,3,3,3,4,3,4,4,4,3,3,3,3,3,3,3,2,3,3,3,3,3,2,3,2,2,3,2,2,2,2,3,3,2,3,3,3,3,3,3,3,3,3,3,3,3,3,3,NA,3,2.3333333333333335,3.1666666666666665,3.75,3,2.8,3,2.3333333333333335,2.1666666666666665,2.75,3,3,3,f,50,L12
kH0DnySk4M_GBv3zaHi2WVuw1CsgBZXBVLvxdfp-OdxIYLLzW_zjmADXrGxqa3ro,2020-12-18T09:01:09Z,2020-12-18T09:18:13Z,2020-12-18T09:18:13Z,NA,gb,gb,cc,robot,3,3,3,3,2,3,2,4,4,4,4,4,4,4,4,4,4,5,4,4,4,1,1,1,1,1,2,3,3,3,2,2,2,3,4,4,4,3,3,4,3,4,4,4,4,4,4,3,2,2,2,2,3,4,3,1,NA,3,2.3333333333333335,4,4,4.25,1,2.75,2,3.5,3.75,4,2.2,3.3333333333333335,m,50,L34
kj698mOjgjv1BTBKQKHu07fml1Q7_fNJMZhwQ-0o5QpiDK264Qpp2CXc578JxYV-,2020-12-24T15:45:33Z,2020-12-24T15:52:12Z,2020-12-24T15:52:12Z,NA,cc,cc,cb,moral,2,1,1,1,4,1,3,1,1,1,1,1,1,1,1,1,1,1,1,1,1,4,4,-999,4,4,2,1,1,4,4,1,2,1,1,1,1,1,1,1,1,1,1,1,1,1,1,4,4,2,4,-999,3,4,4,1,NA,1.25,2.6666666666666665,1,1,1,-196.6,2,2.3333333333333335,1,1,1,-197,3.6666666666666665,f,50,app
kMEZ0PDa6TrFNGEZB6oOU_mACJ9P0gGpvc6AqYYzxd9LtanXSsgVNW6fq3mwJ4BC,2021-01-05T18:41:55Z,2021-01-05T19:28:00Z,2021-01-05T19:28:01Z,NA,cc,cc,cb,moral,3,3,3,4,3,1,3,2,2,2,2,2,3,4,4,3,3,3,4,3,3,2,-999,-999,2,-999,2,2,3,3,3,2,3,3,2,2,2,3,2,2,2,3,3,3,3,3,2,3,4,1,3,4,3,4,3,1,NA,3.25,2.3333333333333335,2.1666666666666665,3.5,3.25,-598.6,2.5,2.6666666666666665,2.3333333333333335,2.5,2.75,3,3.3333333333333335,f,35,L12
KnmjRNX8JDL9t2oIEDqwQ1zUh26BICIpOIKnsOf3rLbaDuKAJD1CW4pZ1r0HN4AG,2020-12-26T10:06:10Z,2020-12-26T10:11:51Z,2020-12-26T10:11:52Z,NA,cb,cb,gb,moral,2,3,1,2,3,1,2,1,4,2,2,4,2,2,4,4,3,3,5,2,4,4,4,4,3,3,3,2,3,4,2,2,2,4,4,2,4,4,4,2,2,4,4,4,4,4,2,2,2,1,2,1,3,3,3,1,NA,2,2,2.5,3.25,3.5,3.6,3,2,3.6666666666666665,3,3.5,1.6,3,m,35,L12
KOOeYWRZz1Cgc94k2meaDX4BT7PJdox8WXnUnRp1d3mRZgRsx-JmXz7PnUHH1wTx,2020-12-19T20:57:43Z,2020-12-19T21:16:03Z,2020-12-19T21:16:04Z,NA,cc,cc,cb,moral,1,2,1,2,1,1,4,6,2,2,2,2,2,2,2,2,3,2,2,2,2,3,3,3,3,2,3,3,2,3,3,2,3,2,2,2,2,2,2,2,2,2,2,2,2,2,2,3,4,4,3,4,4,4,3,1,NA,1.5,2,2.6666666666666665,2.25,2,2.8,2.75,2.6666666666666665,2,2,2,3.6,3.6666666666666665,f,50,app
KrCmFcNfOxsxALKL60GZ61m4x6cwLcm8yIx4wcATD_iYoamPy1yl6bWZgtSS4JaA,2020-12-24T09:45:05Z,2020-12-24T09:52:50Z,2020-12-24T09:52:50Z,NA,cc,cc,gb,robot,1,2,1,3,3,1,3,1,1,1,1,2,1,3,3,2,3,4,1,2,3,3,4,4,4,4,2,2,2,2,3,2,4,2,1,1,2,1,1,2,2,2,3,4,1,3,3,1,1,1,2,1,4,4,3,1,NA,1.75,2.3333333333333335,1.1666666666666667,2.75,2.5,3.8,2,3,1.3333333333333333,2.25,2.75,1.2,3.6666666666666665,f,35,L34
KRMfsof6tGdBCMFXzKPgclJeVjXKWQWRynRgtnId3bMgu72pjYkW3mATOTbAGnm1,2020-12-23T17:14:35Z,2020-12-23T17:18:41Z,2020-12-23T17:18:42Z,NA,gb,gb,cb,robot,2,2,2,2,3,2,3,3,3,3,3,3,3,3,3,3,3,3,3,3,3,2,2,2,2,2,2,2,3,2,2,2,2,4,3,3,4,4,4,4,4,4,3,4,4,3,3,-999,2,-999,-999,2,2,2,2,1,NA,2,2.6666666666666665,3,3,3,2,2.25,2,3.6666666666666665,3.75,3.5,-598.6,2,f,50,L34
kuRIsouQyG1alleFeiIM94GhXFUuPZqBT5SJwu0zavbVNNmNqyqAEBSEwUv62FoC,2020-12-18T08:04:20Z,2020-12-18T08:18:20Z,2020-12-18T08:18:20Z,NA,cc,cc,gb,robot,3,3,3,3,2,2,2,3,3,3,3,3,3,3,3,3,3,4,4,3,3,3,3,-999,3,3,3,4,3,4,3,2,3,2,2,2,2,2,2,2,2,2,2,2,2,2,2,3,3,4,3,3,4,4,3,1,NA,3,2,3,3,3.5,-197.4,3.5,2.6666666666666665,2,2,2,3.2,3.6666666666666665,f,16,L34
Kw4Yq4yGo_vrGg0sTP5yQQ3TGpJEe2v2AQCi4pTW1hqrGb6F9-l3tZwdm8C5EUy6,2020-12-29T13:53:29Z,2020-12-29T13:59:44Z,2020-12-29T13:59:44Z,NA,cc,cc,cb,moral,2,4,4,4,4,1,4,2,3,2,3,3,3,2,3,3,2,3,2,2,2,-999,-999,-999,-999,-999,3,3,3,2,2,3,3,3,4,4,4,3,5,4,4,4,3,4,3,4,4,-999,-999,-999,-999,-999,4,4,3,1,NA,3.5,3,2.6666666666666665,2.5,2.25,-999,2.75,2.6666666666666665,3.8333333333333335,3.75,3.75,-999,3.6666666666666665,f,35,app
kYpm3HoBKHwUlvvrgbYvoTzTWfzKJ1b9CX7RoK4R9oTnY8TVWva0bJbFhf7T3qaQ,2020-12-18T17:50:52Z,2020-12-18T17:57:16Z,2020-12-18T17:57:16Z,NA,cc,cc,cb,moral,2,2,2,2,3,2,3,1,1,1,1,2,2,2,2,2,2,2,2,2,2,2,-999,-999,3,2,2,2,2,3,2,2,2,2,1,1,1,1,2,2,2,2,1,2,2,1,2,2,4,4,3,4,3,4,4,1,NA,2,2.6666666666666665,1.3333333333333333,2,2,-398.2,2.25,2,1.3333333333333333,1.75,1.75,3.4,3.6666666666666665,m,35,L34
l-KK6-0epmBrpXXe2NRaalZJyE72un0a0M_y2uU_PmdfJZ0ldfxIrGhee95n7DXH,2020-12-18T18:27:51Z,2020-12-18T18:35:30Z,2020-12-18T18:35:30Z,NA,cb,cb,cc,robot,2,2,2,3,2,2,2,3,3,3,2,3,2,3,3,2,3,2,2,3,3,2,3,2,2,3,2,2,2,2,3,2,3,2,2,2,2,2,2,2,3,2,2,2,2,2,2,2,3,2,2,2,2,3,2,1,NA,2.25,2,2.6666666666666665,2.75,2.5,2.4,2,2.6666666666666665,2,2.25,2,2.2,2.3333333333333335,m,50,L34
L2kagd5ZCt8kBUyexb1U7xJe92VG_fUixwIxzUw9kMLUeYxMB3Z7l2FmTIMkGwpS,2020-12-29T13:25:09Z,2020-12-29T13:38:36Z,2020-12-29T13:38:36Z,NA,cb,cb,cc,moral,4,4,4,4,4,4,4,1,1,1,1,1,1,1,1,1,1,1,1,1,1,4,4,4,4,4,3,3,3,3,4,2,4,1,1,1,1,1,1,1,1,1,1,1,1,1,1,4,4,4,4,4,4,4,4,1,NA,4,4,1,1,1,4,3,3.3333333333333335,1,1,1,4,4,m,50,app
lAmwXPJ5ctJOPVK5opO2ejxhx9eYhlvNRudj6nfFR9VfO4YVN1HzUUyEvcDkZrFs,2021-01-01T15:38:03Z,2021-01-01T15:45:00Z,2021-01-01T15:45:00Z,NA,cc,cc,gb,robot,2,2,2,2,2,2,2,4,3,5,4,4,2,5,5,3,2,3,2,4,3,2,3,3,3,4,2,2,2,2,2,2,2,3,3,3,4,1,3,3,1,3,3,4,3,3,3,-999,1,1,4,1,3,2,3,-999,UK,2,2,3.6666666666666665,3.75,3,3,2,2,2.8333333333333335,2.5,3.25,-198.4,2.6666666666666665,f,16,L12
lcbLzTBwADrewStU--qGc01WEvyL2YwYgp-kxA2hoTmE2VSe2iGt2M4B3lAmig7e,2020-12-29T13:19:16Z,2020-12-29T13:23:31Z,2020-12-29T13:23:32Z,NA,cc,cc,gb,robot,3,2,3,3,3,4,3,3,3,4,3,3,3,3,3,4,3,4,2,3,4,-999,-999,-999,4,4,2,3,3,3,3,3,3,1,2,4,3,1,3,2,3,4,3,3,3,3,3,-999,-999,-999,-999,-999,4,4,3,1,NA,2.75,3.3333333333333335,3.1666666666666665,3.25,3.25,-597.8,2.75,3,2.3333333333333335,3,3,-999,3.6666666666666665,f,16,app
LKPocY8QUJSUzacUyRtkyOtj8cHxgaNRmWZuMWDK3jaLUgX3rPqe9JzMF_OFtaSH,2020-12-24T12:53:19Z,2020-12-24T13:00:40Z,2020-12-24T13:00:40Z,NA,gb,gb,cb,moral,4,4,1,4,3,2,1,4,5,4,4,5,5,5,4,5,5,5,6,6,4,1,1,1,1,1,4,2,1,4,1,3,1,6,6,5,6,6,6,4,4,6,5,5,4,6,5,4,4,4,-999,4,4,4,4,1,NA,3.25,2,4.5,4.75,5.25,1,2.75,1.6666666666666667,5.833333333333333,4.75,5,-196.6,4,f,35,L34
lXSRvGTbJSgsAJx6xwbhYoIISbamwmu1LfdQWHiw_GpqYs6igi2HNU7573fWmOVp,2020-12-18T17:18:55Z,2020-12-18T17:28:14Z,2020-12-18T17:28:14Z,NA,gb,gb,cb,robot,3,4,3,4,1,3,2,6,4,4,4,5,5,4,4,4,7,4,6,4,4,1,1,1,1,1,2,3,3,3,2,3,2,3,2,2,2,2,2,3,2,2,2,2,1,2,3,4,4,4,4,4,4,3,3,1,NA,3.5,2,4.666666666666667,4.75,4.5,1,2.75,2.3333333333333335,2.1666666666666665,2.25,2,4,3.3333333333333335,m,35,L34
lyqpi5hP0WeoZkxDHjkXtextRlucyqcG4_zNgXhRPyzLUaGFGnocf1etR2E41HNC,2020-12-20T12:58:25Z,2020-12-20T13:01:47Z,2020-12-20T13:01:47Z,NA,gb,gb,cb,moral,2,2,2,2,2,2,3,4,4,4,4,4,4,4,4,4,4,4,4,4,4,2,2,2,2,2,2,2,2,2,2,2,2,4,4,4,4,4,4,4,4,4,4,4,4,4,4,2,2,2,2,2,2,2,2,1,NA,2,2.3333333333333335,4,4,4,2,2,2,4,4,4,2,2,m,35,L12
mgkVKuOHRuM0YNgtpIPzVo_cDoRFmeSBdKbqBB08Qp8Mcl5tsSgm0yEpccifwGGc,2020-12-18T07:54:48Z,2020-12-18T08:06:18Z,2020-12-18T08:06:18Z,NA,gb,gb,cc,robot,2,2,2,1,3,1,3,2,2,2,3,4,3,5,2,3,2,3,3,3,5,2,1,1,2,1,1,2,2,3,4,2,4,2,2,2,2,2,2,2,1,2,1,1,1,1,3,3,-999,-999,3,-999,4,4,3,1,NA,1.75,2.3333333333333335,2.6666666666666665,3,3.5,1.4,2,3.3333333333333335,2,1.5,1.5,-598.2,3.6666666666666665,m,35,L34
miQU7siUrQxbYi-YlnuT96tB2BV44I6IBkHfguvY1ngYE1kAemHOzuWaGgWNX4CV,2020-12-29T13:07:41Z,2020-12-29T13:14:40Z,2020-12-29T13:14:40Z,NA,cb,cb,cc,moral,2,1,3,2,4,1,4,1,1,1,1,1,1,1,1,1,1,1,1,2,2,4,4,4,3,4,1,4,2,3,2,3,2,2,2,1,2,2,2,2,1,4,3,3,5,3,2,4,3,-999,-999,-999,3,4,2,1,NA,2,3,1,1,1.5,3.8,2.5,2.3333333333333335,1.8333333333333333,2.5,3.25,-598,3,m,50,app
mlGIJeMImQgrsaBmvnkpGBsDTNAevGb7Z6NYAKxV7XfwOqdSTjV7eWSzL1Hy0lBu,2021-01-05T18:23:44Z,2021-01-05T18:30:10Z,2021-01-05T18:30:10Z,NA,cc,cc,cb,moral,1,3,4,3,1,1,1,7,7,7,7,7,7,7,6,7,7,7,7,6,7,4,4,4,4,4,1,2,4,2,2,3,3,3,4,2,3,4,5,5,2,4,5,4,4,4,4,4,4,4,4,4,3,3,1,1,NA,2.75,1,7,6.75,6.75,4,2.25,2.6666666666666665,3.5,4,4,4,2.3333333333333335,m,35,app
MO7MDrYo4X5C4pEGj9BfYSZJKjKKkVXQooL51fOS8XrECnKYBu3m7p7f_jJnAP8W,2020-12-26T10:44:40Z,2020-12-26T10:50:06Z,2020-12-26T10:50:06Z,NA,cb,cb,gb,moral,2,3,2,3,2,3,2,2,2,1,2,2,2,2,2,3,3,2,3,3,3,3,3,4,3,4,2,3,3,3,1,4,1,5,2,3,4,2,2,3,4,5,3,5,5,4,5,1,1,1,1,1,4,4,4,2,NA,2.5,2.3333333333333335,1.8333333333333333,2.5,2.75,3.4,2.75,2,3,3.75,4.75,1,4,m,16,L34
MsqBHPtW42VUiZoLeiGCrffxxTbLw7NsHQoElyeOVPFsFSVy1h98s9jaVBr-M963,2020-12-23T17:50:24Z,2020-12-23T17:58:21Z,2020-12-23T17:58:21Z,NA,cc,cc,gb,moral,2,2,2,2,3,2,3,3,2,2,2,3,2,3,2,4,4,3,3,3,3,2,-999,-999,2,-999,2,2,2,2,3,2,3,4,3,3,3,3,2,3,4,4,3,4,3,3,3,1,1,1,1,1,3,3,3,1,NA,2,2.6666666666666665,2.3333333333333335,3.25,3,-598.6,2,2.6666666666666665,3,3.5,3.25,1,3,f,16,L34
mVqW-_d30GZyGDkuGxCGYKx9K46bRX1WTapoeOvwTexty0VkFujr6Br3xEHacj0W,2020-12-31T11:34:04Z,2020-12-31T11:47:16Z,2020-12-31T11:47:16Z,NA,cb,cb,gb,moral,2,3,2,3,4,1,4,3,4,3,2,4,3,2,2,3,2,2,2,2,5,2,4,3,4,4,2,4,1,4,3,2,3,3,3,3,3,3,2,2,2,3,2,3,3,2,3,1,1,1,1,1,3,4,1,1,NA,2.5,3,3.1666666666666665,2.25,2.75,3.4,2.75,2.6666666666666665,2.8333333333333335,2.25,2.75,1,2.6666666666666665,f,50,app
mZmIY4vVVh4z53qDgR9mGm9bs-ODlz3bDX30MPfWMek0gSxqmwh5UjS8ak-5SPFu,2020-12-31T12:29:16Z,2020-12-31T12:39:21Z,2020-12-31T12:39:21Z,NA,gb,gb,cc,robot,3,4,2,4,3,4,2,3,4,4,5,5,4,2,2,3,3,4,3,2,3,-999,3,-999,3,-999,3,4,2,4,2,2,3,2,4,3,3,4,6,2,3,4,3,4,2,4,2,3,-999,-999,3,-999,2,4,3,1,NA,3.25,3,4.166666666666667,2.5,3,-598.2,3.25,2.3333333333333335,3.6666666666666665,3,3,-598.2,3,f,50,app
MzWPkJZQlHqPBakM8SPsdMhi8S5jyjtOXm2ze-SxZLZAMV3Jx0X-XbWNjlQ6eLlB,2020-12-24T12:58:52Z,2020-12-24T13:00:53Z,2020-12-24T13:00:54Z,NA,gb,gb,cc,moral,3,3,2,3,3,2,3,4,4,4,4,4,4,5,4,5,3,5,4,4,5,3,3,3,3,3,2,2,3,3,2,2,3,4,4,4,4,4,4,4,4,4,4,4,4,4,4,-999,-999,-999,-999,-999,3,3,3,1,NA,2.75,2.6666666666666665,4,4.25,4.5,3,2.5,2.3333333333333335,4,4,4,-999,3,m,16,L34
mZWuVPhoOd7IVZFQYFh9W6lxbl1pknthyHLpWJ7hpeVQBcPWDpT7WgBzVUv2juWi,2020-12-19T20:24:28Z,2020-12-19T20:31:16Z,2020-12-19T20:31:16Z,NA,cc,cc,gb,robot,1,2,2,1,3,2,3,2,2,2,2,2,2,2,2,2,2,2,2,2,2,3,3,3,3,3,3,3,3,3,2,3,2,3,3,3,3,3,3,3,3,3,3,3,3,3,3,1,1,1,1,1,3,3,2,1,NA,1.5,2.6666666666666665,2,2,2,3,3,2.3333333333333335,3,3,3,1,2.6666666666666665,m,16,L34
N7dzUEGlW_lo8MiKIW-sQtV1wsLPkgF8hIUyYt5XzR6X_KCTJ8xIwEyXd0JSxgIP,2020-12-25T06:32:16Z,2020-12-30T01:15:37Z,2020-12-30T01:15:38Z,NA,gb,gb,cc,moral,2,3,2,3,3,3,3,2,2,2,3,2,2,2,2,2,3,2,3,3,2,3,3,-999,3,3,3,3,2,3,3,3,3,3,2,2,2,2,2,2,2,2,2,3,2,2,2,3,3,3,3,3,3,3,3,1,NA,2.5,3,2.1666666666666665,2.25,2.5,-197.4,2.75,3,2.1666666666666665,2,2.25,3,3,f,35,L34
Na5Od0InBN9SAaYByNA41XS5TpYfLR4jQ0r5oxuZnf_Z_sz6vK0B_Urud92JAgsw,2020-12-23T18:23:43Z,2020-12-23T18:26:35Z,2020-12-23T18:26:35Z,NA,gb,gb,cc,robot,4,4,1,1,2,3,1,7,4,7,7,5,7,5,4,4,4,5,5,7,7,1,1,1,1,1,3,3,1,2,2,3,2,2,2,2,3,2,6,3,1,3,3,1,4,1,2,1,1,1,1,1,3,4,4,1,NA,2.5,2,6.166666666666667,4.25,6,1,2.25,2.3333333333333335,2.8333333333333335,2.5,2,1,3.6666666666666665,m,16,L34
nCbPjTpA4XHdTbsIphTCy-RhyW9YtKUz6ExD32vBjsBh2UM4IbUxnFe8raXrpDET,2020-12-17T13:21:06Z,2020-12-17T13:22:18Z,2020-12-17T13:22:18Z,NA,cc,cc,gb,moral,3,3,3,2,2,2,2,5,4,5,2,3,3,3,3,2,5,4,3,4,3,3,3,4,2,3,3,3,2,3,2,2,2,3,4,4,3,4,3,3,4,2,5,4,5,5,4,3,2,3,3,3,2,3,3,2,NA,2.75,2,3.6666666666666665,3.25,3.5,3,2.75,2,3.5,3.5,4.5,2.8,2.6666666666666665,f,35,app
NfPn4IRXC-oC11ZA2pZFZmgnTaHR7ztans5GvqaDb2Yf1vMH4ugRmQgVSREy2F89,2020-12-18T16:45:01Z,2020-12-18T16:50:01Z,2020-12-18T16:50:01Z,NA,cc,cc,gb,moral,3,3,2,3,3,2,4,2,1,2,2,2,2,3,2,2,2,3,3,2,2,-999,3,3,3,-999,3,2,1,2,3,2,4,2,1,1,2,2,2,1,2,2,3,3,3,2,3,-999,3,-999,4,3,3,4,3,1,NA,2.75,3,1.8333333333333333,2.25,2.5,-397.8,2,3,1.6666666666666667,2,2.75,-397.6,3.3333333333333335,m,16,L12
Nr_m6c9Mlso_U77i9PD7er86KBnlm1yOhsAHfZJTPHn_c9BP_7axAPQ4rq_uahDj,2020-12-18T16:04:52Z,2020-12-18T16:11:24Z,2020-12-18T16:11:24Z,NA,cc,cc,gb,robot,2,3,2,3,3,3,3,3,3,3,4,4,3,4,5,4,4,5,4,4,3,2,-999,-999,2,-999,2,3,2,3,3,3,2,2,2,2,2,2,3,4,4,4,4,4,4,3,3,3,3,3,-999,-999,3,3,3,2,NA,2.5,3,3.3333333333333335,4.25,4,-598.6,2.5,2.6666666666666665,2.1666666666666665,4,3.5,-397.8,3,f,35,L34
NRQ0_wBBey7vaCUtl6jezbE_WHE43itbk1X6Dx5z-dgd2RZ3pnk8iJt5BQS9Cqos,2020-12-18T08:09:45Z,2020-12-18T13:44:00Z,2020-12-18T13:44:00Z,NA,cc,cc,gb,robot,3,3,3,3,3,2,3,1,1,1,1,1,1,1,1,1,1,1,1,1,1,4,4,4,4,4,3,3,3,3,3,2,3,1,1,1,1,1,1,1,1,1,1,1,1,1,1,3,1,1,1,2,2,3,2,1,NA,3,2.6666666666666665,1,1,1,4,3,2.6666666666666665,1,1,1,1.6,2.3333333333333335,f,50,app
Numbt14bb1nHOJQ5XtqHG1ElMD6L0gtcQTrCKX5BBPQSusRWk72tecIY0JMwiZzN,2020-12-18T17:27:55Z,2020-12-18T17:30:19Z,2020-12-18T17:30:20Z,NA,cb,cb,cc,moral,3,3,3,3,3,3,3,3,4,3,4,3,3,3,3,4,2,3,3,3,3,3,4,3,4,3,3,3,2,3,3,2,4,4,3,3,3,3,3,4,4,3,3,4,3,4,3,3,3,3,4,3,3,3,3,1,NA,3,3,3.3333333333333335,3,3,3.4,2.75,3,3.1666666666666665,3.5,3.5,3.2,3,m,16,L12
nWTtqsFOzasndmVeqXZLe2z7qsLQybKOcJpdI9Tl-JgWRu6J4We7ztvRydhsPyLB,2020-12-18T18:44:15Z,2020-12-18T18:54:17Z,2020-12-18T18:54:18Z,NA,cb,cb,cc,robot,2,2,2,4,3,1,3,2,2,2,2,3,2,2,1,2,3,2,2,2,3,2,4,4,-999,4,1,2,2,2,3,2,3,2,2,2,2,2,2,2,2,2,2,2,2,2,2,-999,-999,-999,-999,-999,3,4,3,1,NA,2.5,2.3333333333333335,2.1666666666666665,2,2.25,-197,1.75,2.6666666666666665,2,2,2,-999,3.3333333333333335,m,35,L34
NZLm5WuDGK2ZWpyoXrcebN07IGhkrgt5Jn5c5Zc431b96W56FHM1WdMwqhGIumPL,2021-01-08T11:10:25Z,2021-01-08T11:14:46Z,2021-01-08T11:14:46Z,NA,gb,gb,cb,moral,2,2,3,3,4,1,1,1,2,2,1,2,2,2,1,1,4,2,1,3,2,4,4,3,4,4,3,4,3,3,2,3,3,2,2,3,2,2,3,2,2,3,4,3,5,2,5,2,3,2,3,4,2,3,3,1,NA,2.5,2,1.6666666666666667,2,2,3.8,3.25,2.6666666666666665,2.3333333333333335,2.75,3.75,2.8,2.6666666666666665,m,16,L12
NzTdFXAWL7s0dHZvH80yWNW1QsrUwMPNlERqO_h2U3f_spFDoj3St70uivKulE1G,2020-12-18T11:42:32Z,2020-12-18T11:59:28Z,2020-12-18T11:59:28Z,NA,cb,cb,cc,moral,1,2,1,3,4,1,4,3,2,3,2,3,4,2,2,2,2,1,1,2,2,-999,3,3,-999,3,2,2,3,4,2,3,3,6,2,3,3,4,4,3,2,7,6,5,7,6,2,-999,-999,-999,-999,-999,2,4,3,1,NA,1.75,3,2.8333333333333335,2,1.5,-397.8,2.75,2.6666666666666665,3.6666666666666665,4.5,5,-999,3,m,35,L34
o-QFlw5bIAQU7_dncZ5KnC4qk_YldK0Y0nuqJi_2OzOlUwNr3nH4S9jcMTOVjseK,2020-12-23T22:31:59Z,2020-12-23T22:52:22Z,2020-12-23T22:52:22Z,NA,cb,cb,cc,moral,3,2,2,3,2,3,2,4,1,1,4,4,4,4,2,4,4,4,4,4,4,3,-999,-999,-999,-999,2,3,2,3,2,3,3,4,2,3,3,2,3,4,3,2,4,4,2,4,4,-999,4,-999,-999,-999,4,2,3,1,NA,2.5,2.3333333333333335,3,3.5,4,-798.6,2.5,2.6666666666666665,2.8333333333333335,3.25,3.5,-798.4,3,m,16,app
O3RhIE9oNje4mWQ0nryaynVxfrEQU2JfN62QPeGIlE6mPjhIKcrNoPcEqL0mJ0a4,2020-12-31T12:27:10Z,2020-12-31T12:36:01Z,2020-12-31T12:36:01Z,NA,cb,cb,gb,moral,3,4,3,4,4,1,3,3,1,3,1,3,3,1,1,5,1,2,1,3,1,3,3,3,4,4,3,3,2,3,4,1,4,1,1,1,1,1,1,1,1,1,1,1,1,1,1,3,1,1,1,1,3,3,3,1,NA,3.5,2.6666666666666665,2.3333333333333335,2,1.75,3.4,2.75,3,1,1,1,1.4,3,f,50,app
O8Y9zqrVkdwGcfvQ1EQBo_GF9jLai9LjGYREVsmDu1jFGvD_-h58Fu4QaJiHSK_Q,2020-12-18T17:53:52Z,2020-12-18T18:07:54Z,2020-12-18T18:07:54Z,NA,cc,cc,gb,moral,1,3,3,4,3,1,3,2,4,4,1,3,4,1,4,4,3,4,4,2,2,1,-999,-999,1,-999,3,4,1,4,3,1,2,2,4,4,2,4,4,1,2,4,4,4,4,4,2,1,1,1,1,1,4,4,4,1,NA,2.75,2.3333333333333335,3,3,3,-599,3,2,3.3333333333333335,2.75,3.5,1,4,m,50,L34
OBYDm7N7KtB-4N8iNXiTOlYJ6_dlMOnckyFX8i7OLOzVnKgEqku_ufpucy_RLnpJ,2021-01-05T20:36:18Z,2021-01-05T20:43:42Z,2021-01-05T20:43:42Z,NA,cb,cb,gb,robot,4,4,4,4,1,4,1,1,1,1,1,1,1,1,3,4,1,5,7,1,1,4,4,4,4,1,4,4,1,4,4,1,1,1,1,1,1,1,1,1,1,1,1,1,7,1,1,4,4,4,4,4,1,1,1,1,NA,4,2,1,2.25,3.5,3.4,3.25,2,1,1,2.5,4,1,f,50,L34
oc89IN18K3fwsQ-m17nEVPLzvC_VvTq4Te-61u9AcDPjPFGzPJCxfjFu-Td2vv-K,2020-12-24T08:08:07Z,2020-12-24T08:10:29Z,2020-12-24T08:10:29Z,NA,cb,cb,cc,robot,3,3,3,3,3,3,3,4,4,4,4,4,4,4,4,4,4,4,4,4,4,3,3,3,3,3,3,3,3,3,3,3,3,5,5,5,5,5,5,5,5,5,5,5,5,5,5,3,3,3,3,3,3,3,3,1,NA,3,3,4,4,4,3,3,3,5,5,5,3,3,m,50,app
OGGIe9jayYwjm2PN8yArCAyaHVATht7zSjtXlUnP8aOfaliCcT9Ifk3rneR8l1QR,2020-12-18T16:47:11Z,2020-12-18T16:59:10Z,2020-12-18T16:59:10Z,NA,cc,cc,cb,robot,3,3,3,3,3,3,3,3,3,3,3,3,3,3,3,3,3,3,3,3,3,3,3,3,3,3,3,3,2,2,3,3,3,3,3,3,3,3,3,3,3,3,3,4,3,3,4,-999,-999,-999,-999,-999,2,3,3,1,NA,3,3,3,3,3,3,2.5,3,3,3,3.5,-999,2.6666666666666665,f,35,L12
ogwuZl7gcWhaXF4D536i_LEHeG61XeUpqitIvzEb8RVIM9nI6yDqy4f-sJZwgMFi,2020-12-18T18:52:16Z,2020-12-18T19:02:10Z,2020-12-18T19:02:11Z,NA,cc,cc,cb,robot,4,4,4,4,4,1,4,4,4,4,4,4,4,4,5,4,4,4,4,4,4,1,1,1,1,1,3,2,3,3,2,2,2,5,5,5,5,4,3,3,3,3,3,4,5,5,3,4,4,4,4,4,3,3,3,1,NA,4,3,4,4.25,4,1,2.75,2,4.5,3,4.25,4,3,f,35,L34
oI6xCvzyG51Wngm0wNuqGoqFTX5suAGi1qjXOdkh2uYAzg5UU0BkLCcj14KXQDyz,2020-12-18T17:06:10Z,2020-12-18T17:23:31Z,2020-12-18T17:23:31Z,NA,gb,gb,cb,robot,3,4,2,3,3,1,3,1,1,1,1,2,1,1,2,2,1,3,4,1,1,4,3,-999,3,4,2,2,1,1,2,3,2,1,1,1,1,1,1,1,1,1,1,1,1,1,1,4,4,4,3,4,1,2,3,1,NA,3,2.3333333333333335,1.1666666666666667,1.5,2.25,-197,1.5,2.3333333333333335,1,1,1,3.8,2,m,50,L12
OlKu3BNGRl63efUUnWrNDy6ANRdG3V5vVSv7xwE2gFHTYu3hwTS3XmulW-KBL-3i,2021-01-03T23:08:09Z,2021-01-03T23:17:34Z,2021-01-03T23:17:34Z,NA,gb,gb,cb,moral,3,4,4,3,2,3,2,4,4,4,3,5,3,2,2,4,4,4,3,3,5,-999,1,1,1,1,2,3,3,2,2,3,2,4,4,3,4,3,5,5,4,6,5,4,6,4,6,3,4,4,4,4,4,4,3,1,NA,3.5,2.3333333333333335,3.8333333333333335,3,3.75,-199,2.5,2.3333333333333335,3.8333333333333335,5,5,3.8,3.6666666666666665,m,35,L12
ORBISn1I717CwgV9mR8wpVAr5ltxTIiZZoftekY3LYepe9gm54CtQ4YK1QltA0eM,2021-01-02T11:56:35Z,2021-01-02T15:43:40Z,2021-01-02T15:43:40Z,NA,cc,cc,gb,robot,2,3,2,3,3,2,3,2,2,2,2,3,2,2,2,2,2,2,2,2,2,-999,-999,-999,-999,-999,2,4,2,2,3,3,3,2,3,2,2,2,2,2,2,2,2,2,2,2,2,-999,-999,-999,-999,-999,3,3,2,1,NA,2.5,2.6666666666666665,2.1666666666666665,2,2,-999,2.5,3,2.1666666666666665,2,2,-999,2.6666666666666665,f,16,L12
OtrS0gSWxU2VZB9B-U11WM-BKBc3i80RcvUIV6DwgvyKbPa1BDe_b-Mch9Lkxmp0,2020-12-24T12:40:49Z,2020-12-24T12:44:26Z,2020-12-24T12:44:26Z,NA,cc,cc,gb,moral,3,2,3,3,3,3,3,3,2,3,2,2,2,2,3,2,2,3,3,2,3,-999,-999,-999,-999,-999,3,2,3,3,2,2,2,3,3,3,3,3,2,3,3,3,3,4,3,3,3,2,2,2,2,2,3,3,3,3,NA,2.75,3,2.3333333333333335,2.25,2.75,-999,2.75,2,2.8333333333333335,3,3.25,2,3,m,16,L34
oU23pMWDK45DS6EyDnxsRwVwg9EkvpwGJAqhKXUklaDufsf3qUmQVVws1i-J20rh,2021-01-19T13:56:45Z,2021-01-19T14:04:55Z,2021-01-19T14:04:55Z,NA,gb,gb,cb,robot,3,2,3,3,3,2,2,3,2,2,6,3,2,3,6,3,4,5,3,2,3,2,-999,3,1,-999,4,2,3,2,3,2,3,4,2,3,2,3,6,2,6,3,4,2,4,2,3,3,3,4,3,4,3,1,4,1,NA,2.75,2.3333333333333335,3,4,3.25,-398.4,2.75,2.6666666666666665,3.3333333333333335,3.75,2.75,3.4,2.6666666666666665,m,16,app
oVK3D8PCkGP85piwVUyE8g5rhoy6qop8VCpgZYdy_gfVzpXoiVLeEZ9Zh7GHGMPv,2020-12-29T14:59:15Z,2020-12-29T15:01:00Z,2020-12-29T15:01:00Z,NA,cc,cc,gb,robot,3,3,3,3,3,3,3,4,4,4,5,4,5,4,5,4,4,5,4,5,5,3,3,3,3,3,3,3,3,3,3,3,3,4,4,4,5,4,5,6,6,4,5,4,4,4,5,3,3,3,3,3,3,3,3,1,NA,3,3,4.333333333333333,4.25,4.75,3,3,3,4.333333333333333,5.25,4.25,3,3,f,35,app
p7rsVuy3XV-rMKtS4ICB7z6xH6WBEJ-2LS7SYc0WvpG8-6Y2AMNt9PuA1gLSbqC7,2020-12-24T12:55:24Z,2020-12-24T12:57:01Z,2020-12-24T12:57:01Z,NA,cb,cb,cc,moral,3,2,3,2,3,3,3,6,5,5,6,6,4,5,4,5,4,5,2,5,4,4,3,2,3,-999,2,2,4,2,2,2,4,5,3,3,4,4,4,5,4,4,6,5,3,6,5,4,2,2,2,2,4,4,3,1,NA,2.5,3,5.333333333333333,4.5,4,-197.4,2.5,2.6666666666666665,3.8333333333333335,4.75,4.75,2.4,3.6666666666666665,f,16,L12
PGgtxtW2UaP4FTkFC0gOtnR7CsGaZhevQI5dfYFcm07vu1U8FmzjEMknZFIBYKNu,2020-12-23T18:18:33Z,2020-12-23T18:31:31Z,2020-12-23T18:31:31Z,NA,cb,cb,gb,moral,3,2,3,4,3,2,3,3,2,4,3,4,4,2,4,2,2,3,2,2,2,2,4,4,-999,4,2,3,2,3,2,2,3,2,2,2,2,2,2,2,2,2,2,2,2,2,2,1,1,1,1,1,4,4,2,1,NA,3,2.6666666666666665,3.3333333333333335,2.5,2.25,-197,2.5,2.3333333333333335,2,2,2,1,3.3333333333333335,f,35,L34
PoQNQFycBdMaasZObR9l5jf2_2K22k5oeUPdcQH-J6l8sVY0fw941JO7WT6g7wo5,2020-12-24T14:54:13Z,2020-12-24T14:59:00Z,2020-12-24T14:59:01Z,NA,cc,cc,gb,moral,2,3,3,3,4,3,2,2,4,2,4,2,4,3,4,4,3,4,4,5,4,3,3,3,3,-999,3,3,3,3,3,2,2,4,3,4,4,4,3,4,4,4,4,3,3,4,3,-999,3,1,-999,-999,4,3,4,1,NA,2.75,3,3,3.5,4.25,-197.4,3,2.3333333333333335,3.6666666666666665,4,3.25,-598.6,3.6666666666666665,f,16,L12
PryKrl2M5VKGjCyUBhrt5jIRTibA75ItRNfxIjOXicSLBd8VQX66kk2PorCMTx4z,2020-12-29T13:50:04Z,2020-12-29T13:57:23Z,2020-12-29T13:57:24Z,NA,cc,cc,gb,moral,3,3,2,3,2,2,3,2,2,4,3,2,3,4,2,3,2,4,4,2,2,4,3,4,3,-999,3,4,2,3,4,3,3,2,3,1,1,1,2,2,1,4,1,1,1,1,1,3,4,4,4,4,2,3,2,1,NA,2.75,2.3333333333333335,2.6666666666666665,2.75,3,-197,3,3.3333333333333335,1.6666666666666667,2,1,3.8,2.3333333333333335,m,50,app
psZCicGOxdCNU4G9pShk5deIg9iuOIaKscqlG4xJm_8ihKaRxxkff9Ghp-grAVY7,2020-12-20T12:05:25Z,2020-12-20T12:30:10Z,2020-12-20T12:30:11Z,NA,gb,gb,cb,moral,2,3,3,3,2,2,2,3,4,4,3,3,4,4,4,4,4,3,3,4,3,1,1,1,1,-999,2,2,2,2,2,2,3,3,3,3,3,3,3,3,2,3,2,3,3,3,3,3,4,3,3,3,4,4,4,1,NA,2.75,2,3.5,4,3.25,-199,2,2.3333333333333335,3,2.5,3,3.2,4,f,16,L34
pTn1JXGD8YjevR2WC-5kmWfDjyWZttEoRJAKamA-tkGkEAczkO13LYeOWek8HNkD,2020-12-24T02:30:13Z,2020-12-24T02:38:00Z,2020-12-24T02:38:00Z,NA,cb,cb,cc,robot,4,4,4,4,1,4,1,1,4,4,4,4,4,4,4,4,4,4,4,4,4,-999,1,-999,-999,-999,1,4,4,4,1,4,1,4,4,4,4,4,4,4,4,4,4,4,4,4,4,-999,-999,-999,-999,-999,1,1,1,2,NA,4,2,3.5,4,4,-799,3.25,2,4,4,4,-999,1,f,50,L12
PtUQm9ffeTMDC79P5-D576tXejEGSlK2M9M94u8qd7BUjcWsB1TiCcWprEmOdTCp,2020-12-18T20:58:00Z,2020-12-18T21:32:05Z,2020-12-18T21:32:05Z,NA,gb,gb,cc,moral,2,4,4,4,4,1,2,1,1,1,1,1,1,2,2,2,2,1,1,1,2,3,-999,1,3,-999,3,3,4,4,4,1,4,2,1,1,1,2,2,1,2,2,1,2,1,2,2,4,4,3,3,4,4,4,1,1,NA,3.5,2.3333333333333335,1,2,1.25,-398.2,3.5,3,1.5,1.5,1.75,3.6,3,f,50,L12
Q31yK_5xMgnd1kiVpfpzQ1-4Mz8JmTxGi6ecyau9CGFid5flnRuzqI4I9wfgamSP,2020-12-18T16:46:20Z,2020-12-18T16:48:05Z,2020-12-18T16:48:06Z,NA,cb,cb,gb,moral,3,3,3,3,3,3,3,2,2,2,2,2,2,2,2,2,2,2,2,2,2,3,3,3,3,3,3,3,3,3,3,3,3,2,2,2,2,2,2,2,2,2,2,2,2,2,2,3,3,3,3,3,3,3,3,1,NA,3,3,2,2,2,3,3,3,2,2,2,3,3,m,50,L12
Q5xbCArfSaTwztoHsijCOyXt_SmkIhwDvXG2nzaUTbZ_4rPTaZcqb4GYUT5ATQAu,2021-01-08T11:32:30Z,2021-01-08T11:34:42Z,2021-01-08T11:34:42Z,NA,gb,gb,cb,robot,1,3,2,1,4,3,4,6,3,4,6,6,5,3,3,2,4,4,6,5,5,4,1,4,1,1,1,4,4,4,1,4,3,4,2,3,4,4,6,7,5,6,4,7,4,4,6,2,2,1,4,3,4,1,2,1,NA,1.75,3.6666666666666665,5,3,5,2.2,3.25,2.6666666666666665,3.8333333333333335,5.5,5.25,2.4,2.3333333333333335,m,16,L12
qhX3rYE4AJyRUi6pFh_ZAMu-BGTEqJE5FLUlfBVjJAaY6SKxoiTZuyqrg1IsVd3n,2021-01-08T19:03:45Z,2021-01-08T19:09:09Z,2021-01-08T19:09:09Z,NA,cc,cc,cb,robot,2,2,2,3,2,2,2,4,5,4,4,4,4,4,4,4,4,4,4,4,4,2,2,2,2,2,2,2,2,2,2,2,2,4,4,4,4,4,4,4,4,4,4,4,4,4,4,2,3,2,2,3,3,3,2,1,NA,2.25,2,4.166666666666667,4,4,2,2,2,4,4,4,2.4,2.6666666666666665,f,35,L12
qrUF4F56YdnS75XYYWvxxuQfFJtWIQDBpJ-zKIiXSYQmznijTpQqquSaRJ6UwR_4,2020-12-29T13:32:18Z,2020-12-29T13:38:36Z,2020-12-29T13:38:36Z,NA,cc,cc,gb,moral,2,4,3,3,3,2,3,3,2,3,2,2,2,4,4,3,3,4,3,3,4,-999,-999,-999,-999,-999,1,1,1,1,1,1,1,5,5,5,5,5,5,5,5,5,5,5,5,5,5,1,1,1,1,1,4,3,2,1,NA,3,2.6666666666666665,2.3333333333333335,3.5,3.5,-999,1,1,5,5,5,1,3,f,50,L12
qu0OapOmHwd6qcEqU34bJ76JGNvm6OhfOqBqnhcPP862OD1Kz0ct6gtINOpKc5KF,2020-12-18T21:28:49Z,2020-12-18T21:36:52Z,2020-12-18T21:36:52Z,NA,gb,gb,cc,moral,3,2,3,3,3,2,2,3,4,4,3,4,4,3,3,4,4,2,4,3,3,3,3,2,3,3,3,2,2,2,3,2,3,4,4,4,3,3,4,3,3,3,4,3,3,4,3,3,3,3,3,3,4,4,3,1,NA,2.75,2.3333333333333335,3.6666666666666665,3.5,3,2.8,2.25,2.6666666666666665,3.6666666666666665,3.25,3.25,3,3.6666666666666665,f,16,L12
quAMO71YWNI0fatf5-RxyrUisvi_i_HHjmlpedVnWkgAB9G9INKLvXSIfewSADeb,2020-12-18T14:12:40Z,2020-12-18T14:14:10Z,2020-12-18T14:14:10Z,NA,cb,cb,gb,moral,3,1,2,1,4,2,3,3,2,4,5,4,4,2,2,2,5,2,3,1,3,4,3,3,4,4,3,2,3,4,3,2,4,3,4,2,3,4,4,3,4,1,2,3,2,4,2,3,2,3,2,4,4,4,4,1,NA,1.75,3,3.6666666666666665,2.75,2.25,3.6,3,3,3.3333333333333335,2.5,2.75,2.8,4,f,16,L34
qUqw50jlhQBJFQ-EExfw3ZGRQLAZlaSsaDgNAMkUjpQI49z_phn3lHWneL0239L4,2021-01-08T15:09:30Z,2021-01-08T15:16:40Z,2021-01-08T15:16:40Z,NA,gb,gb,cb,moral,1,1,3,2,4,2,4,3,3,3,2,1,2,1,3,1,4,3,2,4,4,1,1,1,1,1,1,2,1,1,4,2,4,1,1,1,1,1,1,1,1,1,1,1,1,1,1,4,4,4,4,4,4,4,4,1,NA,1.75,3.3333333333333335,2.3333333333333335,2.25,3.25,1,1.25,3.3333333333333335,1,1,1,4,4,m,16,L12
r-oiPhiYAeyFracpE1fVvvXDE8Eo3arSMgEUv_pMtDtjlHLyWe_eYSWeYPAFQpsw,2020-12-24T10:31:11Z,2020-12-24T10:47:38Z,2020-12-24T10:47:39Z,NA,gb,gb,cb,robot,4,4,4,4,1,2,1,6,6,6,6,6,6,6,6,5,5,6,6,5,6,1,1,1,1,1,4,4,3,3,1,4,1,6,5,5,5,6,6,6,5,6,5,4,5,5,4,4,4,4,4,4,4,4,4,1,NA,4,1.3333333333333333,6,5.5,5.75,1,3.5,2,5.5,5.5,4.5,4,4,m,50,app
r40CWpOl53o0suj2sa0D1AdDTyltkAW2nF4OAM4pHDTu7XhxkXt0e3hUjsddD9Tz,2020-12-23T17:53:01Z,2020-12-23T18:03:30Z,2020-12-23T18:03:30Z,NA,cb,cb,cc,moral,2,2,3,2,3,2,3,2,2,2,2,2,2,2,2,2,2,3,2,2,2,3,4,4,3,4,3,2,4,2,3,2,3,2,2,2,2,2,2,2,2,2,2,2,2,2,2,4,-999,-999,4,-999,4,4,3,3,NA,2.25,2.6666666666666665,2,2,2.25,3.6,2.75,2.6666666666666665,2,2,2,-597.8,3.6666666666666665,f,16,app
Rc1wtP3D4TWgI-lIH8zqaYQFmZUQxn9tod2tct93jlgwH0UsM7_Aqcfe8-LIOVME,2020-12-19T20:46:03Z,2020-12-19T21:20:33Z,2020-12-19T21:20:33Z,NA,cb,cb,gb,robot,2,2,3,2,2,2,3,2,3,3,3,4,5,3,3,4,3,3,3,4,3,3,3,3,2,2,3,2,3,2,3,3,3,3,4,3,4,5,4,2,4,3,3,4,3,4,5,2,3,2,3,3,3,3,3,1,NA,2.25,2.3333333333333335,3.3333333333333335,3.25,3.25,2.6,2.5,3,3.8333333333333335,3,4,2.6,3,f,35,L12
rCnamKtqFxI7I47Fm1IS2miXisQ6Ajqwyj81kl8M61Y4FfCIvOvCYkK9bp4Yhwa-,2020-12-23T17:17:36Z,2020-12-23T18:04:53Z,2020-12-23T18:04:53Z,NA,gb,gb,cb,moral,1,2,1,2,3,2,3,1,1,1,1,1,1,4,1,3,1,4,4,1,3,1,1,1,1,1,1,3,1,2,2,2,3,1,1,1,1,1,1,4,1,4,1,4,2,1,2,4,4,4,4,4,4,4,3,1,NA,1.5,2.6666666666666665,1,2.25,3,1,1.75,2.3333333333333335,1,2.5,2.25,4,3.6666666666666665,m,16,L34
RE9vKNTkx-eqq3CPMU41vsSLoJfi0UBKdn0tuAA1HyTnDwaSbR1gs3ySSp5FUgzE,2020-12-27T16:47:29Z,2020-12-27T16:54:23Z,2020-12-27T16:54:23Z,NA,gb,gb,cb,robot,2,1,2,2,3,2,3,1,1,1,1,1,1,1,1,4,4,4,1,1,1,3,-999,3,3,-999,1,4,1,2,3,1,3,1,1,1,1,1,1,1,1,4,2,1,1,1,4,4,4,4,4,4,4,3,4,1,NA,1.75,2.6666666666666665,1,2.5,1.75,-397.8,2,2.3333333333333335,1,2,1.75,4,3.6666666666666665,f,50,L34
rgh7qS4kIev1lmscNGQhvcpvSWrTGiKvibKRtKs8knBFr6dNp7rOpIGTidsQ7RJS,2020-12-24T03:54:24Z,2020-12-24T03:57:12Z,2020-12-24T03:57:13Z,NA,cb,cb,cc,robot,2,2,3,2,2,2,3,5,5,5,5,5,5,5,5,5,4,5,5,4,5,3,2,2,3,3,3,2,3,3,3,3,3,5,5,6,5,4,6,5,4,5,4,5,5,5,4,3,3,3,2,3,3,3,3,1,NA,2.25,2.3333333333333335,5,4.75,4.75,2.6,2.75,3,5.166666666666667,4.5,4.75,2.8,3,m,16,L34
rnArUib0_UXOuNSo__XXVPRyb4Hn0T-GjiZF-ZGIHeEQmNf5MF6M9vq70Khs43MA,2020-12-29T14:42:21Z,2020-12-29T14:50:58Z,2020-12-29T14:50:58Z,NA,cc,cc,gb,robot,3,4,2,3,4,1,4,1,1,3,3,4,4,3,4,3,4,4,4,3,3,4,4,2,3,3,2,3,3,3,3,2,4,4,1,2,3,4,1,3,2,3,1,3,3,2,1,3,1,1,4,1,4,3,3,1,NA,3,3,2.6666666666666665,3.5,3.5,3.2,2.75,3,2.5,2.25,2.25,2,3.3333333333333335,m,50,app
rRgNfZMMeM2T2M-D1DRLWgF3wpY3UEyGvv3niEPWdYh2bfMjilyxkd9WOLVtTaGA,2020-12-23T18:07:44Z,2020-12-23T18:22:04Z,2020-12-23T18:22:05Z,NA,gb,gb,cc,robot,3,3,4,2,3,2,2,1,1,2,2,2,2,1,1,2,1,1,3,2,3,3,1,1,4,2,2,3,3,3,3,2,3,2,2,3,2,2,2,1,1,2,2,1,2,2,2,4,4,4,4,4,3,2,4,1,NA,3,2.3333333333333335,1.6666666666666667,1.25,2.25,2.2,2.75,2.6666666666666665,2.1666666666666665,1.5,1.75,4,3,m,35,L12
rsLtA6cHpnGe8L-b5Iqx8LP76PeVwUJGd4NLeqKQNATUlHoKvHKyEtJdLspTfstv,2020-12-29T13:31:18Z,2020-12-29T13:47:16Z,2020-12-29T13:47:17Z,NA,cc,cc,gb,moral,4,3,4,4,4,1,4,2,2,2,1,2,4,3,4,4,2,3,4,2,4,4,4,3,4,4,3,2,1,3,4,1,4,3,2,2,2,2,2,3,3,4,3,4,3,3,3,3,1,1,4,1,3,1,2,1,NA,3.75,3,2.1666666666666665,3.25,3.25,3.8,2.25,3,2.1666666666666665,3.25,3.25,2,2,m,50,app
RyZaGR9LYuKxGQEzrNnYt89oSxye5W5l7LUnQ8MoCU7zCG-Y8GmNKFTyBxDVV8Al,2020-12-29T15:48:55Z,2020-12-29T15:57:02Z,2020-12-29T15:57:02Z,NA,gb,gb,cb,moral,4,3,1,4,2,2,2,4,4,4,4,4,4,4,4,4,4,4,4,4,4,1,-999,-999,2,-999,3,3,4,4,2,2,2,4,4,4,4,4,4,4,4,4,4,4,4,4,4,-999,3,3,3,3,3,4,1,1,NA,3,2,4,4,4,-598.8,3.5,2,4,4,4,-197.4,2.6666666666666665,m,50,app
S-nezWyAHOK84g1WCG5NsDy0-NEo30jharRUdfBUe4EZJWUqaua7uP4DnxEAfxQo,2020-12-31T12:02:03Z,2020-12-31T12:08:14Z,2020-12-31T12:08:14Z,NA,cc,cc,cb,robot,4,4,4,4,4,4,4,4,4,4,4,4,4,4,4,4,4,4,4,4,4,-999,-999,-999,-999,-999,3,3,3,3,3,3,3,4,4,4,4,4,4,4,4,4,4,4,4,4,4,-999,-999,-999,-999,-999,3,4,1,2,NA,4,4,4,4,4,-999,3,3,4,4,4,-999,2.6666666666666665,f,50,app
SmishPBPIdI11fI9yhY6rY_NHbAetttyCoclcwbME49fy-JtbtllgnS1YZszfUhM,2020-12-18T17:18:48Z,2020-12-18T17:24:22Z,2020-12-18T17:24:22Z,NA,gb,gb,cc,robot,4,4,4,4,2,3,4,3,2,3,3,3,4,6,1,5,4,7,7,4,4,1,1,1,1,-999,4,4,4,4,3,2,2,4,3,2,3,3,3,3,2,4,3,4,4,4,3,1,1,-999,1,1,3,4,3,1,NA,4,3,3,4,5.5,-199,4,2.3333333333333335,3,3,3.75,-199,3.3333333333333335,m,35,L12
sPPP0WR00u9yXxgIWbtMEhmF07jejUkpmnboygVduTI-reCPNkZGhjJnJ1PpUQqT,2021-01-04T10:56:17Z,2021-01-04T11:01:21Z,2021-01-04T11:01:21Z,NA,cc,cc,cb,robot,3,2,3,3,4,3,3,2,3,2,3,1,3,4,3,3,2,3,1,4,1,-999,-999,-999,-999,-999,2,3,3,2,3,2,3,2,4,4,4,5,5,4,3,4,3,4,3,6,4,-999,-999,-999,-999,-999,4,1,1,1,NA,2.75,3.3333333333333335,2.3333333333333335,3,2.25,-999,2.5,2.6666666666666665,4,3.5,4.25,-999,2,m,16,L12
SqV8zs0IsbOL1wNcq-qmsECfQhoeaa72m1ObQlAljWMhlXg3k8x-nVkulu1Kj0a5,2020-12-29T13:37:02Z,2020-12-29T13:46:35Z,2020-12-29T13:46:36Z,NA,cc,cc,cb,robot,3,2,3,3,3,3,3,2,2,2,2,2,2,2,2,2,2,2,2,2,3,3,3,3,3,3,3,3,3,3,3,3,3,2,2,2,2,2,2,2,2,2,2,2,2,2,2,3,3,3,3,3,3,4,3,1,NA,2.75,3,2,2,2.25,3,3,3,2,2,2,3,3.3333333333333335,f,50,app
syZnvLDPhm2CM_fmZnMTwhbe3FTMcUndwe0z0nW1rcXnXBQ7W3cZvHJzUrKkO441,2020-12-29T15:15:21Z,2020-12-29T15:26:21Z,2020-12-29T15:26:21Z,NA,gb,gb,cb,robot,3,3,3,3,3,2,3,1,1,1,1,1,1,1,1,1,1,1,1,1,2,-999,-999,-999,-999,-999,2,3,3,3,3,2,3,1,1,1,1,1,1,1,1,1,1,1,1,1,1,3,4,4,3,4,3,3,2,1,NA,3,2.6666666666666665,1,1,1.25,-999,2.75,2.6666666666666665,1,1,1,3.6,2.6666666666666665,m,50,app
t-HrKJBK-ux9RAofRiD7BlqGW0HfB8XQHPs9J_kXjpcX948XhX-k2QKwVSxJeOlF,2020-12-29T17:44:14Z,2020-12-29T17:49:54Z,2020-12-29T17:49:54Z,NA,cc,cc,cb,robot,3,4,4,4,3,3,3,3,3,2,2,2,3,2,3,3,3,4,3,4,3,3,4,3,4,4,3,4,3,4,3,2,3,3,3,2,2,2,2,2,2,2,3,2,2,2,2,4,4,4,4,4,3,4,3,1,NA,3.75,3,2.5,2.75,3.5,3.6,3.5,2.6666666666666665,2.3333333333333335,2.25,2,4,3.3333333333333335,f,50,app
ThR0MCZ94R0RLRSTdToTB42MMkOntGsva5yHmHo9JgLdXLbqKE5e2HCLGZS8G0vW,2020-12-29T13:11:40Z,2020-12-29T15:25:17Z,2020-12-29T15:25:17Z,NA,gb,gb,cb,robot,2,3,3,2,3,2,2,4,4,4,4,4,4,4,4,4,4,4,4,4,4,4,4,-999,4,4,3,2,4,2,4,2,2,2,2,3,2,3,2,3,2,3,3,2,3,3,3,3,3,4,4,3,4,4,2,1,NA,2.5,2.3333333333333335,4,4,4,-196.6,2.75,2.6666666666666665,2.3333333333333335,2.75,2.75,3.4,3.3333333333333335,m,35,app
tKBEeLk0GJNZOPLkKRhuraqNrqIokJ-91gMlkFW_OA3aAe_AQ0cyaz2YSuAPfqwQ,2020-12-23T19:35:53Z,2020-12-23T19:57:34Z,2020-12-23T19:57:34Z,NA,cc,cc,gb,moral,3,2,2,3,4,3,3,2,1,1,2,2,2,2,2,4,2,4,2,2,2,-999,3,3,3,-999,2,2,2,2,3,2,3,2,1,1,2,2,2,4,3,4,2,2,4,3,3,2,2,3,-999,1,3,2,1,1,NA,2.5,3.3333333333333335,1.6666666666666667,2.5,2.5,-397.8,2,2.6666666666666665,1.6666666666666667,3.25,3,-198.2,2,f,16,L34
TqlBSf9jLsCavvTnsN1_XhGx3z_eLNCBJm1P_R2pHiVPvePpqTrSvYzfkXYOu2fm,2020-12-18T14:23:19Z,2020-12-18T14:34:22Z,2020-12-18T14:34:22Z,NA,cc,cc,cb,moral,3,4,4,3,3,2,3,1,1,1,2,1,1,1,4,4,4,4,3,3,3,1,1,-999,1,-999,1,2,2,2,2,3,2,2,2,2,2,4,4,3,2,3,2,2,2,3,4,4,4,4,4,4,4,4,4,1,NA,3.5,2.6666666666666665,1.1666666666666667,3.25,3.25,-399,1.75,2.3333333333333335,2.6666666666666665,2.5,2.75,4,4,m,50,L34
triv9EWHzl5bM8qJNeMYIuev_3Htw-yLTZJtjmrNdgv1c9UbZv8E-8--GDu7_QVc,2020-12-24T16:46:31Z,2020-12-24T16:51:30Z,2020-12-24T16:51:30Z,NA,cc,cc,gb,moral,3,2,2,2,3,3,2,5,5,4,4,5,5,5,5,5,5,4,5,5,5,3,3,3,2,3,2,2,2,4,2,2,2,5,5,5,5,5,5,5,5,5,6,5,5,5,6,1,1,1,1,1,2,2,2,1,NA,2.25,2.6666666666666665,4.666666666666667,5,4.75,2.8,2.5,2,5,5.25,5.25,1,2,f,50,L12
TsUHF2wQpWcBIwObvtsOfgqhgU8iyRRK1CYwmRSZswdxzgYmQiUhhKmyDeLVVE9H,2020-12-20T20:43:47Z,2020-12-20T20:44:55Z,2020-12-20T20:44:55Z,NA,cb,cb,gb,moral,3,2,2,1,4,3,3,5,6,4,5,4,3,4,4,4,5,6,5,5,3,3,3,2,3,2,2,2,3,2,3,3,3,4,3,4,4,3,4,4,2,5,4,4,3,5,3,3,3,2,4,2,3,2,2,1,NA,2,3.3333333333333335,4.5,4.25,4.75,2.6,2.25,3,3.6666666666666665,3.75,3.75,2.8,2.3333333333333335,m,16,L34
ttm9QWk-5DMtP21qc0k5zoG_8e05hDhVOGuJ6RlTlOMG1ycu0yLUD2JxTTLHkrOl,2020-12-31T12:04:10Z,2021-01-04T20:20:35Z,2021-01-04T20:20:36Z,NA,cb,cb,gb,moral,4,3,3,4,4,1,3,3,3,3,4,4,3,5,4,5,4,4,5,1,3,-999,4,-999,-999,-999,3,3,3,3,3,3,3,2,3,3,3,3,4,5,6,4,3,4,5,4,3,4,4,4,4,4,3,2,3,1,NA,3.5,2.6666666666666665,3.3333333333333335,4.5,3.25,-798.4,3,3,3,4.5,4,4,2.6666666666666665,f,50,app
tuVkWbdaEXI8VsUvz2118JF5e9xXobhMmrk7TfMykc6lwoX7RSt5z4itAavhjGR9,2020-12-24T13:23:19Z,2020-12-24T13:25:46Z,2020-12-24T13:25:46Z,NA,cb,cb,gb,moral,3,3,3,3,2,3,2,2,2,2,2,3,2,2,3,3,2,2,2,3,2,3,3,3,4,4,2,2,2,2,2,2,2,4,3,4,5,4,4,4,4,4,3,5,5,3,4,2,2,3,3,2,3,4,3,4,NA,3,2.3333333333333335,2.1666666666666665,2.5,2.25,3.4,2,2,4,3.75,4.25,2.4,3.3333333333333335,f,16,L34
tVqhPPVC2kLhB_HbldzMidfq488H_KmmkOxwb8uhsBSyzOB2ZZbO7iZfhxR_tAd5,2020-12-23T22:30:34Z,2020-12-29T00:22:47Z,2020-12-29T00:22:47Z,NA,cb,cb,cc,robot,2,3,3,4,1,2,2,3,3,2,1,3,2,2,4,4,2,1,4,2,2,3,3,3,4,-999,2,3,3,3,3,2,3,1,2,3,1,3,2,3,2,3,3,2,2,2,2,-999,4,-999,4,3,3,3,3,3,NA,3,1.6666666666666667,2.3333333333333335,3,2.25,-197.2,2.75,2.6666666666666665,2,2.75,2,-397.4,3,m,50,app
TyANE-Vk2Q44au8c6mUjDySpJwqstZX7RZbvlswpRnXnP0FSHvxXfCTBHSwqpY75,2021-01-08T17:32:18Z,2021-01-08T17:48:41Z,2021-01-08T17:48:41Z,NA,cc,cc,cb,robot,3,4,1,4,3,1,1,1,1,1,1,1,1,1,1,1,1,1,1,1,1,4,-999,4,4,-999,1,4,3,4,4,1,4,1,1,1,1,1,1,1,1,1,1,1,1,1,1,4,4,4,4,4,4,4,4,1,NA,3,1.6666666666666667,1,1,1,-397.2,3,3,1,1,1,4,4,f,35,L12
u5zfpBrg15BKWNhMJF-rfZzLLrU1HmDPWL9YpRMSO7y6ChwUvwkWZfeuFFxsjbCQ,2020-12-18T10:09:12Z,2020-12-18T10:14:26Z,2020-12-18T10:14:27Z,NA,gb,gb,cc,robot,4,4,4,4,4,1,4,7,7,7,7,7,7,7,7,7,7,7,7,7,7,2,1,1,1,2,3,3,3,3,3,1,1,7,7,7,7,6,6,7,7,7,7,7,6,6,6,3,2,1,2,3,2,2,2,1,NA,4,3,7,7,7,1.4,3,1.6666666666666667,6.666666666666667,7,6.25,2.2,2,m,50,L12
ucsMSz9GuXG8TToKGRQNiqcBVmi9v6vRIq_FzPFzpXzo7W5HkrCu1vYDp51ugi4K,2020-12-18T21:03:03Z,2020-12-18T21:16:55Z,2020-12-18T21:16:55Z,NA,cc,cc,gb,moral,1,3,3,3,3,2,4,2,2,1,1,2,2,3,2,3,3,2,2,2,3,3,2,3,3,4,1,4,2,4,3,1,3,2,1,1,1,1,1,2,2,3,3,2,2,1,2,2,1,1,2,1,3,4,4,1,NA,2.5,3,1.6666666666666667,2.75,2.25,3,2.75,2.3333333333333335,1.1666666666666667,2.5,1.75,1.4,3.6666666666666665,f,50,L12
uDKkFV8gt6LA2ndmQW3m857CfI5MX4dfBmSyiKPnLAfxQxOXXc_snG6Hove7Krzi,2020-12-18T16:42:14Z,2020-12-18T16:49:25Z,2020-12-18T16:49:25Z,NA,cb,cb,cc,moral,2,3,3,3,2,3,2,1,1,1,1,1,4,1,4,3,3,3,2,2,1,3,-999,4,2,-999,3,3,3,2,2,2,3,1,1,1,1,2,1,2,1,1,2,3,1,2,3,3,3,4,2,3,4,4,3,1,NA,2.75,2.3333333333333335,1.5,2.75,2,-397.8,2.75,2.3333333333333335,1.1666666666666667,1.5,2.25,3,3.6666666666666665,m,50,L34
uic_x9xK93KqouOib6L_r98n35jlroMHb0sSN0WiFC-spQcK41-vYxDgys3Sx4yo,2020-12-18T18:28:37Z,2020-12-18T18:39:18Z,2020-12-18T18:39:18Z,NA,cc,cc,gb,robot,3,2,2,2,4,1,4,2,2,2,2,2,2,2,2,2,2,2,2,2,2,3,3,-999,3,3,3,2,2,2,3,1,3,2,2,2,2,2,2,3,2,3,3,3,3,2,3,1,1,1,1,1,3,4,3,3,NA,2.25,3,2,2,2,-197.4,2.25,2.3333333333333335,2,2.75,2.75,1,3.3333333333333335,m,50,L12
UJysojjbCp74cD4o4oSPhy8toLguvcOkXS5BciXCd3DE6rv0usIWWasl7GkkDcAG,2020-12-29T14:05:05Z,2020-12-29T14:08:03Z,2020-12-29T14:08:03Z,NA,cb,cb,gb,moral,2,2,3,3,3,3,3,4,4,5,2,4,4,2,4,4,2,4,5,5,2,3,3,2,3,3,2,2,2,2,3,2,3,3,4,3,4,4,5,4,4,5,3,4,2,4,2,2,2,3,2,3,3,2,3,1,NA,2.5,3,3.8333333333333335,3,4,2.8,2,2.6666666666666665,3.8333333333333335,4,3,2.4,2.6666666666666665,m,35,L12
uqWwg0bfyCncfZTVsE-GyNogqeHzxe5CCkWrdMIkib1Ju6j3SzZYkhsWNeYUcrnU,2020-12-18T17:46:24Z,2020-12-18T17:53:09Z,2020-12-18T17:53:09Z,NA,cb,cb,gb,moral,3,3,4,4,4,2,4,1,1,1,1,1,1,1,2,3,4,1,2,1,1,4,4,4,4,4,1,2,4,1,4,1,4,1,1,1,1,2,1,1,1,1,1,1,1,1,1,1,2,1,1,1,4,2,1,1,NA,3.5,3.3333333333333335,1,2.5,1.25,4,2,3,1.1666666666666667,1,1,1.2,2.3333333333333335,f,16,L34
v_bD9TKPeKZqTzZbcmv6NpjMI2bp0a9bkE7lFhCywiIDzPy-wA4n_I4ANAhzkJ1F,2020-12-20T04:53:37Z,2020-12-20T05:04:46Z,2020-12-20T05:04:46Z,NA,cb,cb,gb,robot,2,3,3,4,2,2,3,3,2,2,2,2,2,3,3,2,3,3,2,2,3,4,4,4,3,3,3,2,3,2,3,2,3,1,2,1,1,2,1,3,3,2,2,2,2,2,2,4,4,3,3,3,4,4,4,1,NA,3,2.3333333333333335,2.1666666666666665,2.75,2.5,3.6,2.5,2.6666666666666665,1.3333333333333333,2.5,2,3.4,4,f,35,L34
V30fg0oq38n-ymrmokApW6sUT5k6l1M1BjCUjLdlohLhGoi-mLy5cD5SW9Hi8dMD,2020-12-29T15:11:55Z,2020-12-29T15:15:53Z,2020-12-29T15:15:53Z,NA,gb,gb,cc,robot,4,4,4,4,3,4,4,2,2,2,1,2,1,3,3,2,2,2,3,3,1,3,4,4,4,4,3,3,4,4,3,2,3,2,2,1,2,2,2,3,2,3,2,2,2,2,3,4,4,4,4,4,4,3,3,1,NA,4,3.6666666666666665,1.6666666666666667,2.5,2.25,3.8,3.5,2.6666666666666665,1.8333333333333333,2.5,2.25,4,3.3333333333333335,m,50,app
V4hm1x_ozuwHZwRl3Mx-6KQYjvxXJiZ4XzKKH8q9BMfTyFJP4Xt-8UGHN-xE51BM,2021-01-08T16:40:47Z,2021-01-08T16:46:11Z,2021-01-08T16:46:12Z,NA,cc,cc,cb,moral,4,4,4,4,4,1,4,1,1,1,1,1,1,1,1,1,1,1,1,1,1,4,4,4,4,4,4,4,4,4,4,4,4,1,1,1,1,1,1,1,1,1,1,1,1,1,1,4,4,4,4,4,3,4,3,1,NA,4,3,1,1,1,4,4,4,1,1,1,4,3.3333333333333335,f,50,L34
VCThLg7qrwl-f2xmdOjqxJDpuo-Ss6CGQTolERe5guemnFmteSEuse9AIpeo02VS,2020-12-28T06:44:44Z,2020-12-28T06:56:22Z,2020-12-28T06:56:22Z,NA,cc,cc,cb,moral,3,2,3,2,4,2,4,1,1,1,1,1,1,1,1,1,1,1,1,2,1,4,4,4,4,4,3,2,3,3,2,2,3,1,1,1,1,1,1,1,1,1,1,2,2,2,1,1,1,1,1,1,4,4,1,1,NA,2.5,3.3333333333333335,1,1,1.25,4,2.75,2.3333333333333335,1,1,1.75,1,3,m,35,L12
vefXoHE8Nu2IMmQjyUoXHu5X2ORs-nkARBQS7TYm0zGZhW1FzN4p6rZPFaM92x4j,2020-12-24T22:14:39Z,2020-12-24T22:19:22Z,2020-12-24T22:19:22Z,NA,cb,cb,gb,moral,2,2,2,2,2,2,2,4,4,5,4,4,4,4,4,3,4,4,3,4,4,3,3,3,3,3,3,2,2,2,2,2,1,4,4,4,4,4,4,4,4,4,4,4,4,4,4,3,2,2,3,3,3,3,3,1,NA,2,2,4.166666666666667,3.75,3.75,3,2.25,1.6666666666666667,4,4,4,2.6,3,m,35,app
VicfIZOSvJ-4cPXWaoLPh_HPDsWX-lQ0-zW6sVCtcpmuOKET3A7fA40C_36bkzYQ,2020-12-18T18:38:40Z,2020-12-18T18:45:09Z,2020-12-18T18:45:09Z,NA,gb,gb,cb,moral,3,2,3,3,3,2,3,3,3,3,4,3,3,3,4,4,3,4,4,4,4,1,1,1,1,1,2,3,2,2,3,2,3,3,3,3,3,3,3,4,3,3,3,4,3,4,3,3,3,3,3,3,4,3,3,1,NA,2.75,2.6666666666666665,3.1666666666666665,3.5,4,1,2.25,2.6666666666666665,3,3.25,3.5,3,3.3333333333333335,m,35,L34
vKL7IJFUsRukipFbagi_E6JuBnoPTLSDPdATL_STmaJqBwny1mL5IlCvQvEv-uvb,2020-12-29T13:51:04Z,2020-12-29T14:21:56Z,2020-12-29T14:21:56Z,NA,cb,cb,gb,moral,3,2,2,3,3,3,3,4,3,3,4,3,4,4,3,4,3,3,4,4,4,2,3,3,3,3,3,2,3,3,2,3,2,3,3,5,3,4,5,3,3,4,4,4,4,4,3,3,3,2,2,2,2,2,2,1,NA,2.5,3,3.5,3.5,3.75,2.8,2.75,2.3333333333333335,3.8333333333333335,3.5,3.75,2.4,2,m,50,app
VkwAYW1oWgcX3vA0SnbIOVoj4KvlzuH-dVy4XJhOglZnHYTpFQNa3Q-a17VSU-FQ,2020-12-25T23:45:21Z,2020-12-25T23:58:10Z,2020-12-25T23:58:11Z,NA,cb,cb,gb,moral,3,3,3,2,3,4,3,3,4,3,3,2,4,4,3,3,4,3,4,3,4,4,3,3,4,4,4,3,3,3,2,3,4,3,4,5,4,3,3,2,5,3,4,2,3,4,5,3,4,2,3,3,4,4,4,1,NA,2.75,3.3333333333333335,3.1666666666666665,3.5,3.5,3.6,3.25,3,3.6666666666666665,3.5,3.5,3,4,m,35,L12
vKWc4aTshV171NwwsVvABFpC_las9vPjGQ43IF8aBKZip7WQ0dpm1q0mARoCxQiB,2020-12-18T21:55:25Z,2020-12-18T22:14:36Z,2020-12-18T22:14:36Z,NA,gb,gb,cb,robot,3,3,2,4,1,2,2,1,1,1,1,1,2,3,4,4,4,4,4,3,3,2,-999,1,2,1,1,3,2,3,2,2,2,4,2,1,2,1,1,4,3,4,3,2,3,2,4,3,4,4,3,4,4,4,4,1,NA,3,1.6666666666666667,1.1666666666666667,3.75,3.5,-198.6,2.25,2,1.8333333333333333,3.5,2.75,3.6,4,f,16,L34
vmatR0xLstIDOZx6Ob6UOje7xlTWcJX6Z28wRe3Rkt8jcWwE602WPIxJQTqx74yI,2020-12-18T20:51:25Z,2020-12-18T20:58:09Z,2020-12-18T20:58:09Z,NA,gb,gb,cb,moral,4,4,4,4,1,4,1,5,3,4,5,6,5,5,5,5,6,4,6,6,6,1,1,1,1,1,3,2,3,2,2,2,2,3,2,2,2,2,4,2,2,4,2,4,2,2,2,4,4,4,4,4,4,4,4,1,NA,4,2,4.666666666666667,5.25,5.5,1,2.5,2,2.5,2.5,2.5,4,4,f,50,L12
vOTZlb5BZtmUZyAeXz65p9rSUfZlY_RxKt_YQ2ZyKbgE_WQoqT6RsO5dXWL6t3UO,2020-12-19T18:59:32Z,2020-12-19T19:04:32Z,2020-12-19T19:04:32Z,NA,gb,gb,cb,robot,3,3,4,3,3,3,3,2,2,3,3,3,3,3,3,4,3,3,3,2,3,3,3,2,2,3,2,3,3,3,4,2,4,2,2,2,1,2,1,2,1,2,2,2,2,2,2,3,3,3,2,3,2,2,3,1,NA,3.25,3,2.6666666666666665,3.25,2.75,2.6,2.75,3.3333333333333335,1.6666666666666667,1.75,2,2.8,2.3333333333333335,f,35,L12
VuV44g43hYEEDNZHJx9035K70_MKte7Z3sPi9sGXd-yv9FLey2wuDHUqL0Dmes2D,2020-12-18T16:43:42Z,2020-12-18T16:46:58Z,2020-12-18T16:46:58Z,NA,cc,cc,cb,moral,3,2,3,2,3,2,3,2,3,2,4,2,2,2,3,3,3,4,4,2,2,3,3,3,3,3,2,2,3,3,2,3,2,2,2,2,2,2,2,2,2,2,4,2,3,2,3,4,4,4,4,4,4,3,4,1,NA,2.5,2.6666666666666665,2.5,2.75,3,3,2.5,2.3333333333333335,2,2.5,2.5,4,3.6666666666666665,f,16,L34
VVSMVY3V5qVfSAdr_QeGDQXYBUddPkY2ebznxNvcSdQeouJyEvrJDRsPo5MTIOWR,2020-12-18T10:05:28Z,2020-12-18T10:12:49Z,2020-12-18T10:12:50Z,NA,gb,gb,cb,moral,2,4,4,3,2,3,2,1,1,1,1,1,1,1,1,2,2,1,1,1,1,2,1,1,2,3,1,2,3,2,3,1,4,1,1,1,1,1,1,1,1,1,1,1,1,1,1,4,4,4,4,4,4,4,3,1,NA,3.25,2.3333333333333335,1,1.5,1,1.8,2,2.6666666666666665,1,1,1,4,3.6666666666666665,m,50,L34
VVYp6eZalV9tQqYK0zt-rnizXvV5bMJaHs-3p42zVKyopL3AavpiLNbtsAKH6kzR,2020-12-23T17:45:30Z,2020-12-23T17:54:42Z,2020-12-23T17:54:42Z,NA,gb,gb,cc,robot,3,3,3,3,3,3,3,4,4,5,4,4,4,4,4,4,4,4,4,4,4,3,-999,-999,3,-999,3,3,3,3,3,2,3,4,4,4,4,4,4,4,4,3,4,4,4,4,4,3,-999,3,3,-999,3,3,2,1,NA,3,3,4.166666666666667,4,4,-598.2,3,2.6666666666666665,4,3.75,4,-397.8,2.6666666666666665,f,50,L34
VwP-q3X5NLfrc6J9aWT_vuuDZpSYgYPM5ZX2WWYw2h68dJoeVMYqY7wT05WL7403,2020-12-18T16:50:23Z,2020-12-18T17:13:28Z,2020-12-18T17:13:28Z,NA,cb,cb,cc,moral,4,4,3,3,3,3,3,1,1,1,1,1,1,1,1,1,1,1,1,1,1,1,1,2,2,2,3,2,4,1,3,3,3,1,1,1,1,1,1,1,1,1,1,1,1,1,1,4,4,3,4,4,4,4,4,1,NA,3.5,3,1,1,1,1.6,2.5,3,1,1,1,3.8,4,f,35,L34
wBK2hFVP6jUnulrzA3J7Xp3nXu71jhwR6_GpEIBdaaNP8vhndUtwYcHmlfnjapk4,2020-12-18T20:25:04Z,2020-12-18T21:46:11Z,2020-12-18T21:46:11Z,NA,gb,gb,cc,moral,3,2,2,2,3,1,4,1,1,1,1,1,1,1,2,1,1,3,2,2,4,3,1,1,2,1,3,1,2,3,4,1,4,1,1,1,1,1,1,1,1,1,1,1,1,1,1,4,3,4,4,3,4,4,3,1,NA,2.25,2.6666666666666665,1,1.25,2.75,1.6,2.25,3,1,1,1,3.6,3.6666666666666665,m,16,L34
WCXtU83FXSeCsszBE4B17YZvdtSNw1-RmNVgV6aSBm2uUi4mhGIjV8jSVAAzj0mN,2021-01-08T14:51:43Z,2021-01-08T14:53:10Z,2021-01-08T14:53:10Z,NA,cb,cb,cc,robot,2,1,3,3,4,4,3,2,5,6,4,6,2,2,2,4,2,7,2,6,2,3,3,4,4,4,3,3,4,2,4,4,4,3,6,6,1,2,5,5,1,7,3,6,6,6,4,3,4,4,4,3,3,3,3,1,NA,2.25,3.6666666666666665,4.166666666666667,2.5,4.25,3.6,3,4,3.8333333333333335,4,5.5,3.6,3,m,16,app
WJOVNzIkyT_kZ7H05pUzQRYQaTmMzzhGpkT7Km6C1R8ZvzU7dBDftlB_avTTCrqj,2020-12-18T08:03:54Z,2020-12-18T08:30:41Z,2020-12-18T08:30:42Z,NA,gb,gb,cc,robot,4,4,3,4,2,2,2,2,6,6,6,6,6,6,3,6,6,3,3,6,6,1,1,1,1,1,4,4,4,4,3,2,3,6,6,6,6,6,6,6,6,6,6,6,6,6,6,-999,-999,-999,-999,-999,4,4,4,1,NA,3.75,2,5.333333333333333,5.25,4.5,1,4,2.6666666666666665,6,6,6,-999,4,m,50,L34
WY-rzeTzOLhhJfCLnNKfixXXU8MZ9wEYgOVQmILmKAiJkg779nsm6YDkcJVSu3iF,2020-12-18T14:34:51Z,2020-12-18T14:39:26Z,2020-12-18T14:39:26Z,NA,cb,cb,gb,moral,2,4,3,3,3,3,3,1,2,2,1,1,2,4,6,3,2,3,3,3,3,4,4,4,3,4,2,2,3,2,2,2,2,4,4,5,5,4,3,5,5,5,5,4,5,4,5,2,2,1,1,1,2,1,2,1,NA,3,3,1.5,3.75,3,3.8,2.25,2,4.166666666666667,5,4.5,1.4,1.6666666666666667,f,50,L12
x-oDKZI5N6lwyoG6_DsuVntp1Bay6fsPsMJL6XNaqTTMu4N3e46Y9XBKnrOU4yMO,2021-01-08T17:03:02Z,2021-01-08T17:08:17Z,2021-01-08T17:08:17Z,NA,cb,cb,gb,moral,3,3,3,2,1,2,1,6,3,6,5,6,5,4,5,5,4,5,3,5,4,-999,4,4,-999,4,2,3,3,2,3,2,2,4,3,3,4,4,4,5,5,4,4,4,4,3,5,1,1,1,1,1,4,4,4,1,NA,2.75,1.3333333333333333,5.166666666666667,4.5,4.25,-397.2,2.5,2.3333333333333335,3.6666666666666665,4.5,4,1,4,f,50,L34
Xd9q3AQ5CaHxQ6_HdOuJlFFMghW9orLNq8O6OwTFxuwpkICDMCg7LAwoofKiunpH,2020-12-18T17:00:56Z,2020-12-18T17:13:59Z,2020-12-18T17:13:59Z,NA,cc,cc,cb,moral,2,2,1,2,3,2,3,3,3,4,3,4,4,2,2,3,2,3,2,3,2,1,-999,-999,2,2,2,3,2,2,2,3,3,3,2,2,2,3,3,3,2,3,3,3,3,3,2,4,4,4,4,3,3,4,4,1,NA,1.75,2.6666666666666665,3.5,2.25,2.5,-398.6,2.25,2.6666666666666665,2.5,2.75,2.75,3.8,3.6666666666666665,f,16,L34
xwTNDPEgio5_fPl82hxsy2GAe8TIsMHyDRT0OcJs-98fU5CMpLUytAjdBnHawNvJ,2020-12-23T17:48:51Z,2020-12-23T18:00:58Z,2020-12-23T18:00:58Z,NA,cb,cb,gb,moral,4,2,3,4,2,3,2,6,2,2,3,3,4,3,2,5,5,4,3,6,5,3,4,4,3,4,2,3,3,2,4,1,3,2,1,1,1,1,1,1,1,3,3,1,1,1,1,1,1,1,1,1,4,4,2,1,NA,3.25,2.3333333333333335,3.3333333333333335,3.75,4.5,3.6,2.5,2.6666666666666665,1.1666666666666667,2,1,1,3.3333333333333335,f,50,L12
Y5zvxyFwdvAQNpz52b3kPT-7pGad-Qc5OSxp73yi8amIpZ3rgwUu134tOSF8BP05,2020-12-27T07:50:49Z,2020-12-27T08:11:29Z,2020-12-27T08:11:29Z,NA,gb,gb,cc,robot,3,2,2,2,3,2,2,2,4,4,4,5,2,3,2,5,3,2,4,2,5,1,3,2,2,2,2,2,2,3,1,2,3,2,4,6,2,3,7,5,4,4,6,3,4,4,5,1,2,3,2,2,3,2,2,1,NA,2.25,2.3333333333333335,3.5,3.25,3.25,2,2.25,2,4,4.75,4,2,2.3333333333333335,m,35,app
y9N2I66WP7c_eojdfoPuV7KeFvw9CdrLZupYWrj1NRfO_miQ-1x2LmoR5WTdLuWr,2020-12-23T17:26:46Z,2020-12-23T17:32:14Z,2020-12-23T17:32:14Z,NA,gb,gb,cc,moral,2,3,3,4,2,2,3,5,2,3,3,3,2,3,6,6,5,4,5,6,3,1,1,1,1,1,2,2,3,2,3,2,3,3,3,2,3,3,2,2,4,4,3,4,3,3,3,1,1,1,1,1,4,4,4,3,NA,3,2.3333333333333335,3,5,4.5,1,2.25,2.6666666666666665,2.6666666666666665,3.25,3.25,1,4,m,16,L34
YLL4Z4lq6sHhhAxUbrDLnHEXelAcWHT0rnoLszG9hmkaPg2LE-3szYaVh407Konx,2020-12-29T16:46:26Z,2020-12-29T16:51:59Z,2020-12-29T16:51:59Z,NA,cc,cc,cb,robot,3,3,2,2,2,3,2,5,5,4,5,5,4,5,4,4,5,4,5,4,5,-999,3,4,3,4,3,3,2,3,3,2,3,4,4,3,3,3,3,4,3,3,3,3,4,3,4,4,3,4,3,4,3,3,3,1,NA,2.5,2.3333333333333335,4.666666666666667,4.5,4.5,-197,2.75,2.6666666666666665,3.3333333333333335,3.25,3.5,3.6,3,f,50,L12
YLUsHJ7gHUCwxAPzEVPY7HzzGlkfbZuV2Y-p75OkMhWGes8BZCUoRsJyt5Sz-G60,2020-12-24T16:38:03Z,2020-12-24T18:09:36Z,2020-12-24T18:09:37Z,NA,gb,gb,cc,moral,2,3,3,2,2,2,3,2,2,2,3,3,1,3,3,3,3,3,4,2,4,1,1,-999,1,1,2,2,3,3,3,1,2,3,3,2,3,3,2,3,2,3,3,3,3,3,3,-999,-999,-999,-999,-999,3,3,3,1,NA,2.5,2.3333333333333335,2.1666666666666665,3,3.25,-199,2.5,2,2.6666666666666665,2.75,3,-999,3,f,50,L34
YNK9UP9956WqeLwfVGPGjU3DoQTpyWrBoARI9LixWj3j15rNG3M9iIOTXywGOxs5,2020-12-18T18:17:51Z,2020-12-18T18:24:24Z,2020-12-18T18:24:24Z,NA,cb,cb,gb,robot,3,3,3,4,3,4,2,3,2,2,2,2,2,2,2,3,2,3,2,2,2,3,3,4,4,3,3,4,3,4,3,3,3,2,2,2,2,2,2,2,2,2,2,3,2,3,3,2,2,2,3,2,4,4,4,3,NA,3.25,3,2.1666666666666665,2.25,2.25,3.4,3.5,3,2,2,2.75,2.2,4,m,50,app
YpEl1VFtU5m2zi6knp-BxUyDkIvyD_d9fpoHG-b2E98wswij6ix8o6O4E0_P8e5y,2020-12-18T14:41:33Z,2020-12-18T14:43:45Z,2020-12-18T14:43:46Z,NA,cb,cb,cc,moral,2,2,3,3,3,2,3,5,3,4,5,4,5,3,5,5,5,4,4,4,5,-999,-999,-999,-999,-999,2,2,2,2,2,2,2,1,1,1,1,2,1,1,1,1,1,1,1,1,1,-999,-999,-999,-999,-999,2,2,3,1,NA,2.5,2.6666666666666665,4.333333333333333,4.5,4.25,-999,2,2,1.1666666666666667,1,1,-999,2.3333333333333335,f,50,app
Yr5KuqXzXlD2U6XHP4i5x0b1a2AS_0vHBthLTlkOQIG30QljkS2ZvQOht-My8Vla,2020-12-29T21:47:38Z,2020-12-29T21:57:03Z,2020-12-29T21:57:03Z,NA,gb,gb,cc,moral,2,2,2,2,2,2,2,4,4,1,1,5,4,4,3,4,4,4,4,4,4,-999,2,-999,-999,4,2,2,2,2,2,2,3,2,1,1,1,1,1,2,2,2,2,2,2,2,2,2,2,-999,1,2,2,3,2,2,NA,2,2,3.1666666666666665,3.75,4,-598.2,2,2.3333333333333335,1.1666666666666667,2,2,-198.4,2.3333333333333335,f,50,app
YuligZuEei8gw_3qKybUn-t-WZall4rECtEuCtZWXrwR83gWb-EUE8C9-1QrumYG,2020-12-18T08:02:03Z,2020-12-18T08:05:33Z,2020-12-18T08:05:33Z,NA,cc,cc,cb,moral,1,1,1,1,1,1,1,4,4,4,4,4,4,4,4,4,4,4,4,4,4,-999,-999,-999,-999,-999,1,1,1,1,1,1,1,4,4,4,4,4,4,4,4,4,4,4,4,4,4,-999,-999,-999,-999,-999,2,2,2,1,NA,1,1,4,4,4,-999,1,1,4,4,4,-999,2,f,50,app
yviGGGFRUwTS30NKB73jVbt-Rjo79j7lwi0iqnj3Rz18qw0eE_HXf7EteooPuzCk,2020-12-29T18:34:21Z,2020-12-29T18:43:12Z,2020-12-29T18:43:12Z,NA,cb,cb,gb,moral,2,2,2,2,3,1,3,1,2,2,2,2,2,3,2,2,2,2,2,2,3,3,3,3,3,3,3,3,2,3,2,2,2,3,2,3,3,3,3,3,3,4,3,3,3,3,3,2,1,1,2,1,3,3,3,1,NA,2,2.3333333333333335,1.8333333333333333,2.25,2.25,3,2.75,2,2.8333333333333335,3.25,3,1.4,3,f,35,L12
ywsXTxmpXPDxvzmBwY2d-aPQgG0lD97v8sw6oeZHPVss-8iQHREzEI5tjFjqSFII,2020-12-25T17:18:49Z,2020-12-25T17:30:46Z,2020-12-25T17:30:47Z,NA,gb,gb,cb,robot,2,3,4,3,2,2,2,2,3,3,3,3,3,3,2,3,2,3,3,3,2,2,-999,-999,2,-999,3,3,3,3,3,1,3,2,2,2,2,2,2,1,2,2,2,1,1,2,2,4,4,4,4,4,4,4,4,1,NA,3,2,2.8333333333333335,2.5,2.75,-598.6,3,2.3333333333333335,2,1.75,1.5,4,4,f,35,L34
z4nQ0A9n7_0Mfjj7eXCunysq8eXk4n8B6df_Xh3exzFWhePJWOgFMG6WayJ02Tkp,2020-12-18T17:05:28Z,2020-12-18T17:20:29Z,2020-12-18T17:20:29Z,NA,cb,cb,gb,moral,1,2,2,3,3,2,3,2,2,2,2,3,2,2,3,3,2,2,2,2,2,3,4,3,4,4,2,2,3,2,3,2,3,2,2,2,2,3,2,2,4,3,5,3,3,4,2,1,2,1,2,2,4,3,4,1,NA,2,2.6666666666666665,2.1666666666666665,2.5,2,3.6,2.25,2.6666666666666665,2.1666666666666665,3.5,3,1.6,3.6666666666666665,f,16,L12
Z55kO7Z_kWOJf2wisjOzxrfN2nJrVyz_-9AXQcZPUYs3tDuWZb4FkBj6LeQsd65k,2021-01-01T12:26:13Z,2021-01-01T12:37:56Z,2021-01-01T12:37:56Z,NA,cc,cc,gb,moral,3,2,3,2,3,2,3,3,2,4,4,3,2,3,3,3,3,3,3,3,3,2,-999,-999,3,-999,2,3,2,3,3,2,3,3,3,4,3,3,2,2,2,3,4,5,5,3,5,2,1,1,1,1,2,3,2,1,NA,2.5,2.6666666666666665,3,3,3,-598.4,2.5,2.6666666666666665,3,2.75,4.5,1.2,2.3333333333333335,f,16,L12
z9OABY3qEymdzCP3RG53ffuWhElWBWLk1R9fs5u_W--HWdxi9B9rGbV3Nf6e9qV9,2020-12-30T00:34:52Z,2020-12-30T00:41:54Z,2020-12-30T00:41:54Z,NA,cb,cb,gb,moral,2,3,2,2,3,2,2,5,4,3,5,5,4,4,4,4,4,4,4,4,4,-999,-999,-999,-999,2,2,2,2,2,2,2,3,4,4,4,4,4,4,4,4,4,4,4,4,4,4,-999,-999,-999,-999,-999,2,3,2,1,NA,2.25,2.3333333333333335,4.333333333333333,4,4,-798.8,2,2.3333333333333335,4,4,4,-999,2.3333333333333335,f,35,app
zCprDgk14IltozsrFNtzyf1iwqpn8dlImKMP17R9wchwABdZ5UnJmD9KCIar_qRA,2020-12-24T12:51:34Z,2020-12-24T13:01:18Z,2020-12-24T13:01:18Z,NA,cc,cc,gb,moral,3,3,2,3,3,3,3,2,1,3,3,1,1,3,4,4,3,4,4,2,3,3,2,2,2,4,2,2,2,3,1,4,1,4,5,4,3,3,5,6,3,4,4,6,5,6,5,3,2,1,2,2,4,4,2,1,NA,2.75,3,1.8333333333333333,3.5,3.25,2.6,2.25,2,4,4.25,5.5,2,3.3333333333333335,f,16,L34
ZfqoCk-8vBCBqjAzFzA3447cDmux8FFP64iihyFeoxLrpVZi6OK-cADJyxGZJtYM,2020-12-23T10:06:59Z,2020-12-23T10:09:59Z,2020-12-23T10:09:59Z,NA,cc,cc,gb,moral,2,2,3,3,4,4,4,3,3,3,3,3,3,4,3,4,3,4,3,4,3,4,3,-999,-999,-999,4,4,3,2,4,4,3,4,4,4,4,4,4,4,4,4,4,4,4,4,4,-999,-999,-999,-999,-999,3,3,3,4,NA,2.5,4,3,3.5,3.5,-598,3.25,3.6666666666666665,4,4,4,-999,3,f,35,L34
zGIJmCKH91bPxrgdzRGHSkbA2rUPfCJGQ8xK0cbKXsJckq0AndZkBdGF9m9HiDDs,2020-12-21T19:20:08Z,2020-12-21T19:27:13Z,2020-12-21T19:27:13Z,NA,cc,cc,gb,robot,3,3,4,4,3,2,2,2,2,4,2,1,1,4,5,3,3,1,1,2,3,1,4,-999,1,-999,3,4,4,4,3,2,2,2,1,1,1,2,3,2,1,2,3,2,3,2,1,1,3,-999,3,3,4,4,3,1,NA,3.5,2.3333333333333335,2,3.75,1.75,-398.4,3.75,2.3333333333333335,1.6666666666666667,2,2,-197.8,3.6666666666666665,f,16,app
zgO5EtGghQ3v99iH19ihpmFs-icEJ_BpLNEG8GGwQGxSAK2rrbN6HxyYkPbccuXV,2020-12-29T09:30:44Z,2020-12-29T09:48:05Z,2020-12-29T09:48:06Z,NA,gb,gb,cc,robot,2,3,3,4,2,1,3,6,3,5,3,5,5,3,4,4,3,4,4,4,3,-999,-999,1,-999,1,2,2,1,2,2,2,3,5,2,3,3,5,3,3,5,4,3,2,5,2,3,-999,-999,-999,-999,-999,2,4,3,3,NA,3,2,4.5,3.5,3.75,-599,1.75,2.3333333333333335,3.5,3.75,3,-999,3,m,16,L34
ZrWmev_37yIZgmLwh9LtrAxNqIk8oO15FShsNauksdxPULNlhTXUN-VRNQYbnVBN,2020-12-18T20:10:10Z,2020-12-18T20:15:31Z,2020-12-18T20:15:31Z,NA,gb,gb,cb,robot,2,2,2,2,3,2,3,2,3,2,4,2,4,3,4,4,5,4,4,3,3,3,3,-999,4,3,2,2,2,3,4,2,3,2,4,4,2,1,3,2,4,5,2,4,3,7,6,3,-999,-999,2,-999,4,2,2,1,NA,2,2.6666666666666665,2.8333333333333335,4,3.5,-197.2,2.25,3,2.6666666666666665,3.25,5,-598.4,2.6666666666666665,m,35,app
ZWo80ZiJBstw0xTk8x34lEwqAOTv8Sc2ZSe4FGsn8f8onKuVPcYxkPawkgybMwHB,2021-01-08T18:50:47Z,2021-01-08T18:53:26Z,2021-01-08T18:53:26Z,NA,gb,gb,cb,moral,3,3,3,3,4,3,3,1,4,4,4,4,4,4,4,4,4,4,4,4,4,-999,-999,-999,-999,-999,3,3,3,3,3,3,3,4,4,4,4,4,4,4,1,4,4,4,4,4,4,-999,-999,-999,-999,-999,3,3,2,1,NA,3,3.3333333333333335,3.5,4,4,-999,3,3,4,3.25,4,-999,2.6666666666666665,f,35,L12
Zx6_PpGiF1xK5JWFvry6xO7JVWGt7ajXXOK-bKGF8kWaCKmEY4DofkAnALAT2WZ5,2020-12-23T18:03:31Z,2020-12-23T18:15:37Z,2020-12-23T18:15:37Z,NA,cc,cc,gb,moral,3,4,4,4,4,1,4,1,1,1,1,1,1,1,1,1,1,1,1,1,1,4,4,4,4,4,3,4,4,3,3,1,3,1,1,1,1,1,1,1,1,1,1,1,1,1,1,4,4,4,4,4,4,4,4,1,NA,3.75,3,1,1,1,4,3.5,2.3333333333333335,1,1,1,4,4,m,50,app
