session,abs1_tsm_1,abs1_tsm_2,abs1_tsm_3,abs1_tsm_4,abs1_tsc_1,abs1_tsc_2,abs1_tsc_3,abs1_tru_exp_1,abs1_tru_exp_2,abs1_tru_exp_3,abs1_tru_exp_4,abs1_tru_exp_5,abs1_tru_exp_6,abs1_tru_int_1,abs1_tru_int_2,abs1_tru_int_3,abs1_tru_int_4,abs1_tru_ben_1,abs1_tru_ben_2,abs1_tru_ben_3,abs1_tru_ben_4,abs1_tch_1,abs1_tch_2,abs1_tch_3,abs1_tch_4,abs1_tch_5,abs2_tsm_1,abs2_tsm_2,abs2_tsm_3,abs2_tsm_4,abs2_tsc_1,abs2_tsc_2,abs2_tsc_3,abs2_tru_exp_1,abs2_tru_exp_2,abs2_tru_exp_3,abs2_tru_exp_4,abs2_tru_exp_5,abs2_tru_exp_6,abs2_tru_int_1,abs2_tru_int_2,abs2_tru_int_3,abs2_tru_int_4,abs2_tru_ben_1,abs2_tru_ben_2,abs2_tru_ben_3,abs2_tru_ben_4,abs2_tch_1,abs2_tch_2,abs2_tch_3,abs2_tch_4,abs2_tch_5,tsm_1,tsm_2,tsm_3,sex,age,position,position_oth,country,country_oth,abs1_tsm,abs1_tsc,abs1_tru_exp,abs1_tru_int,abs1_tru_ben,abs1_tch,abs2_tsm,abs2_tsc,abs2_tru_exp,abs2_tru_int,abs2_tru_ben,abs2_tch,tsm,treat1,treat2,first_topic
_0LBERMq4qxl6gAaAZT_WhaagL3Ij8spzZ1xJzIKMll3vNYyOhuYG1oPEFqjcuVD,2,3,2,3,3,2,3,3,2,2,2,3,3,2,3,2,2,2,2,2,2,1,1,1,1,1,2,3,2,3,3,2,3,1,2,1,1,2,1,1,1,2,2,2,1,2,2,4,4,4,4,4,3,4,4,m,16,1,NA,1,NA,2.5,2.6666666666666665,2.5,2.25,2,1,2.5,2.6666666666666665,1.3333333333333333,1.5,1.75,4,3.6666666666666665,gb,cb,savings
_CRKcSjga0k__-jB9azZGSkGATJGErROepH1oeEKvLDWa-H-PxlobnNMIBGZ03cJ,2,2,3,4,2,2,2,4,3,3,4,4,3,4,4,4,4,4,3,5,4,3,-999,-999,2,-999,1,2,2,2,2,2,2,4,4,4,4,4,4,4,4,4,4,4,4,4,4,-999,-999,-999,-999,-999,2,1,2,f,35,-999,Support Worker ,1,NA,2.75,2,3.5,4,4,-598.4,1.75,2,4,4,4,-999,1.6666666666666667,cb,cc,mobility
_jSN5oz7bbY7ttwdDLvi6c-s2OVEXqWdMjVO9-AcwvAZFxlThjiFEdj2mo9R0SlV,3,4,3,3,2,3,2,1,1,1,1,1,1,1,1,2,1,3,1,1,4,4,4,4,4,4,4,2,3,4,3,2,3,1,1,1,1,1,1,1,2,2,2,1,2,2,3,3,1,1,1,1,4,4,4,m,16,1,NA,3,NA,3.25,2.3333333333333335,1,1.25,2.25,4,3.25,2.6666666666666665,1,1.75,2,1.4,4,cb,gb,mobility
_R3nSTnroXo6W5CHmRdFdY-eb1U5D04pZ29A5C-h4N33PlJyotxajwot0Sks9k3Q,2,2,2,2,4,1,3,3,3,3,3,3,3,3,3,3,3,3,3,3,3,2,2,1,2,2,3,3,3,3,2,3,2,5,4,4,4,5,5,4,4,4,4,4,4,4,4,4,4,4,4,4,3,3,2,f,16,1,NA,4,NA,2,2.6666666666666665,3,3,3,1.8,3,2.3333333333333335,4.5,4,4,4,2.6666666666666665,gb,cb,savings
_V4fmrCxYg53zDsVYk0ovXaQZ0UTF8yNYle6hZXdPoBYU_bqq3ytVhSa9dG5EUbA,2,3,3,4,3,1,4,1,1,1,1,1,1,3,2,4,4,4,1,4,2,4,4,4,-999,3,2,2,1,2,3,1,3,1,1,1,1,1,1,4,1,4,1,4,1,1,1,4,4,4,3,4,4,4,4,f,16,1,NA,1,NA,3,2.6666666666666665,1,3.25,2.75,-196.8,1.75,2.3333333333333335,1,2.5,1.75,3.8,4,cc,cb,savings
-GjQ3L3ErW7Dawh4TtOlVv612hvXitNFgdHDBZ6WiOgK_LNnTcQYwSiaaQoluw1b,2,3,2,2,4,1,3,2,3,2,2,3,2,2,3,3,3,3,3,3,2,2,-999,-999,2,2,3,2,3,2,2,1,2,3,4,3,3,4,3,4,4,3,4,3,4,3,4,-999,-999,-999,-999,-999,3,3,1,f,16,1,NA,3,NA,2.25,2.6666666666666665,2.3333333333333335,2.75,2.75,-398.4,2.5,1.6666666666666667,3.3333333333333335,3.75,3.5,-999,2.3333333333333335,cc,gb,savings
-HfIWPO6t0-IB1jm6FBZ0DHWkJvckTbhrrz7F5hofsLbbS5oNrF2jD872rDwswT0,1,2,2,3,3,2,3,2,3,2,3,3,3,2,3,4,4,4,4,2,3,4,4,4,3,4,3,3,3,3,3,2,2,5,4,3,5,4,5,4,4,4,4,4,4,5,4,2,1,1,1,1,2,2,3,f,16,1,NA,-999,Netherlands,2,2.6666666666666665,2.6666666666666665,3.25,3.25,3.8,3,2.3333333333333335,4.333333333333333,4,4.25,1.2,2.3333333333333335,cb,gb,mobility
-q1HJ4cjGLRtbosOZ5pSYg4jppgiXrhix_V1iHWxvxcIWEy3r9oWTeQ4ZQ_HUzf3,2,1,1,2,3,1,3,3,3,3,3,4,3,3,3,3,4,4,2,3,2,2,4,4,4,4,2,2,1,2,2,2,3,3,4,4,4,4,3,3,3,2,3,4,4,4,3,1,1,1,1,1,3,3,4,m,16,1,NA,-999,Italy,1.5,2.3333333333333335,3.1666666666666665,3.25,2.75,3.6,1.75,2.3333333333333335,3.6666666666666665,2.75,3.75,1,3.3333333333333335,cb,gb,mobility
-QW82vGSCMuQzDdUUpZSqR_cmBInEXLqWnVw1D8eoE3ielvWxU38sFQFSOCDN66H,2,1,3,2,4,1,4,1,1,1,1,1,1,1,1,1,1,1,1,1,1,4,4,4,4,4,3,2,3,2,4,2,3,2,2,2,3,3,2,3,2,3,3,2,3,3,2,1,1,1,1,1,4,4,4,f,16,2,NA,1,NA,2,3,1,1,1,4,2.5,3,2.3333333333333335,2.75,2.5,1,4,cb,gb,savings
0PVtCyuGh8kwNPMg922j8Zwabe6_jnj0GponBvWOKii1vPcsi6rOT-Iq8Kzr0rT4,1,4,3,2,4,1,4,3,2,2,2,3,2,3,2,3,2,3,1,2,2,-999,3,4,4,4,1,4,2,4,3,3,2,3,2,2,2,2,3,3,2,4,3,3,2,2,2,-999,3,3,3,4,4,4,2,m,16,-999,health carer,1,NA,2.5,3,2.3333333333333335,2.5,2,-196.8,2.75,2.6666666666666665,2.3333333333333335,3,2.25,-197.2,3.3333333333333335,cb,cc,mobility
0WsleG_r_-cjmgC_EMxABLhTOWecK7OTxhjcmbQ2Ju8z8zBOCbE6wVbVCbb7MEie,2,2,2,3,3,2,3,2,2,2,2,3,2,3,3,2,2,3,3,2,4,4,4,4,3,4,2,3,3,4,3,2,3,3,3,3,2,3,3,3,2,3,3,3,3,3,3,2,2,-999,2,-999,4,4,3,f,35,1,NA,1,NA,2.25,2.6666666666666665,2.1666666666666665,2.5,3,3.8,3,2.6666666666666665,2.8333333333333335,2.75,3,-398.4,3.6666666666666665,cb,cc,savings
0XF9d3RtFqKa7hqeO9BS7mz2iS2npVAshDpi_ax4Nn7h-QcsSuC3Acld3Rsd_81l,2,4,1,2,2,3,2,3,3,2,4,3,3,5,4,5,4,4,5,4,4,1,1,1,2,1,2,2,2,2,3,2,3,2,2,2,4,3,2,3,3,3,3,3,3,3,4,3,-999,-999,-999,-999,4,4,4,f,16,-999,legal adviser,-999,France,2.25,2.3333333333333335,3,4.5,4.25,1.2,2,2.6666666666666665,2.5,3,3.25,-798.6,4,gb,cc,mobility
14q25X19gxDNHoSFWdX6j0hwg2tMyWk4tKACitSc0mTW1d-2g16Fi85okzxv2guu,1,2,1,2,3,1,3,1,2,1,2,2,1,2,2,2,2,3,3,3,4,1,1,1,2,2,1,1,1,1,3,1,3,2,2,1,1,2,2,1,2,2,1,1,2,2,1,4,4,4,4,4,4,4,3,f,16,1,NA,3,NA,1.5,2.3333333333333335,1.5,2,3.25,1.4,1,2.3333333333333335,1.6666666666666667,1.5,1.5,4,3.6666666666666665,gb,cb,mobility
15ibeOha-SM4ivm-joUISHAAaloiqMJ7AZpVkn7D-AWzr03wJPLQq-2WDFylgKbB,1,2,1,4,4,1,4,4,4,4,4,4,4,4,4,4,4,4,4,4,4,-999,-999,4,-999,4,2,2,1,4,3,2,3,6,4,4,5,7,4,4,4,4,4,4,4,4,4,1,1,1,1,1,3,4,2,f,35,1,NA,-999,Australia,2,3,4,4,4,-597.8,2.25,2.6666666666666665,5,4,4,1,3,cb,gb,savings
1i-4cLK3Bzq8KDztlMiLz3LAsCMW8HS2g-7jaqGteFx8E7xzYGPzWCrp1ZUTvMCc,3,2,3,2,4,3,3,3,1,1,2,4,2,4,4,4,4,4,4,3,3,2,2,3,3,4,1,2,3,3,2,3,3,3,4,4,2,2,3,3,5,2,4,4,2,3,5,3,3,3,4,3,4,3,2,m,35,1,NA,1,NA,2.5,3.3333333333333335,2.1666666666666665,4,3.5,2.8,2.25,2.6666666666666665,3,3.5,3.5,3.2,3,cc,cb,savings
1kJ4fTqDv7MBjwC4UwboUcdBh6tJUkYcLfxePKIOMi3qmJ0vzvNhhRjSHv-tf8RX,1,3,2,3,3,2,3,2,3,2,3,2,2,2,4,4,4,3,4,3,3,2,2,2,2,2,2,3,3,3,2,2,2,5,5,4,5,5,5,3,5,4,5,4,5,5,5,2,2,2,2,2,4,4,4,f,16,-999,Lab Manager,3,NA,2.25,2.6666666666666665,2.3333333333333335,3.5,3.25,2,2.75,2,4.833333333333333,4.25,4.75,2,4,cc,gb,savings
1OJzbCFUPTNovcprOKKVTPT0ZdYdihux4n8wRNulpA8aEo1Q9qTnceab0oYUJybm,3,3,3,3,3,2,3,3,4,3,3,5,3,2,3,3,3,4,5,5,3,1,1,1,1,1,3,3,3,3,2,2,2,5,5,5,3,5,5,4,4,4,4,4,3,3,4,3,3,3,3,3,3,3,4,f,16,2,NA,3,NA,3,2.6666666666666665,3.5,2.75,4.25,1,3,2,4.666666666666667,4,3.5,3,3.3333333333333335,gb,cb,savings
2fh5tzsHTbdoVJCv5aWoJ0FXjGcSHaCEQqrmkor3toVof96oFIPWiMhf8wQZLJr3,3,3,3,3,2,3,2,4,3,3,3,3,3,3,4,4,4,3,4,4,4,3,-999,-999,2,-999,2,2,3,3,3,2,3,3,4,3,3,3,4,3,3,3,3,3,3,3,3,4,4,4,4,4,4,4,4,f,16,1,NA,1,NA,3,2.3333333333333335,3.1666666666666665,3.75,3.75,-598.4,2.5,2.6666666666666665,3.3333333333333335,3,3,4,4,cc,cb,mobility
2j007N_47pVp_3cGHjUkQQA6r3jEyLB2xRWOA4i60QtRKy0FJk8NWeZ1M75Gj6OA,1,3,1,3,3,1,3,2,3,2,2,3,2,2,2,3,3,3,3,2,3,3,4,4,-999,4,2,2,2,3,2,2,3,3,3,3,3,3,3,3,4,3,4,4,4,4,3,-999,-999,-999,-999,-999,4,3,3,m,16,3,NA,1,NA,2,2.3333333333333335,2.3333333333333335,2.5,2.75,-196.8,2.25,2.3333333333333335,3,3.5,3.75,-999,3.3333333333333335,cb,cc,savings
2XcX-eb27iPCe4EYDFKwAD2ODWMa3cRsRuK8kVRL7S3nnZlNnLmEzT_SCoIBncy6,1,3,2,3,3,2,3,3,2,2,2,2,3,4,4,3,3,2,1,3,2,3,4,3,2,4,2,2,2,3,3,1,4,2,1,1,2,2,2,2,2,2,1,3,4,3,2,2,2,2,3,2,2,3,2,f,16,-999,Intern,-999,Netherlands,2.25,2.6666666666666665,2.3333333333333335,3.5,2,3.2,2.25,2.6666666666666665,1.6666666666666667,1.75,3,2.2,2.3333333333333335,cb,cc,mobility
3f5JYlBTKvqecwfAnxmcKe2Y3zPEmfohke3qwtqFWzSSM2ICoDFvI7TKzNXnw7q9,2,3,3,3,2,2,3,3,3,2,2,4,3,4,3,4,4,4,3,3,4,4,4,4,4,4,1,3,2,3,3,2,3,2,3,3,2,3,3,4,4,4,4,4,3,3,4,3,2,2,2,2,4,4,4,f,35,1,NA,-999,Portugal,2.75,2.3333333333333335,2.8333333333333335,3.75,3.5,4,2.25,2.6666666666666665,2.6666666666666665,4,3.5,2.2,4,cb,cc,mobility
3GNje8xgHNE_09e-E7JB6FxMHE6tjdRKV6RtTJTrG0GqkoU1oy0Gl8CFUnmj5OFM,3,2,3,2,3,2,3,3,3,2,1,3,4,2,3,4,1,2,2,3,3,3,3,2,2,2,2,3,2,2,4,2,3,2,3,3,2,5,4,3,1,1,3,4,4,4,3,2,2,3,3,3,3,3,3,f,16,-999,Social worker,-999,Australia,2.5,2.6666666666666665,2.6666666666666665,2.5,2.5,2.4,2.25,3,3.1666666666666665,2,3.75,2.6,3,gb,cc,savings
3kZDElCtGHFCIbCL5bCiliLqqGwywL5LLX5kk7R1XNyJC0bKE9Mh6tBzXz_AERiX,1,2,1,2,3,2,3,1,2,1,1,2,2,2,1,2,2,3,2,2,2,3,-999,1,-999,-999,1,2,1,2,2,3,2,1,1,2,1,2,2,1,1,2,1,2,1,2,2,3,4,4,4,4,4,3,2,m,16,1,NA,1,NA,1.5,2.6666666666666665,1.5,1.75,2.25,-598.6,1.5,2.3333333333333335,1.5,1.25,1.75,3.8,3,cc,cb,savings
49ex6zPkeX4wc64QQ__Pqa7CL88pFa5LDu_4oqx51j6eTFc9I7hVxTGFPGebf76f,2,3,3,3,2,2,3,4,3,2,3,2,2,3,3,4,3,4,3,2,3,4,4,4,4,4,1,2,2,2,3,2,3,2,3,3,3,3,3,3,3,3,3,3,3,3,4,3,2,2,3,2,3,4,2,m,16,-999,Case Manager,3,NA,2.75,2.3333333333333335,2.6666666666666665,3.25,3,4,1.75,2.6666666666666665,2.8333333333333335,3,3.25,2.4,3,cc,cb,savings
4EsFbFkxF0sQnaLucNK7itm1MTLYucT8epQVuSRojFWdThBZPEW69pSUK4M7DkOM,1,2,2,3,3,2,2,2,2,2,2,2,2,2,3,2,2,2,2,2,3,1,1,1,1,1,1,2,1,2,3,2,3,2,2,2,2,2,2,2,2,2,2,2,2,2,2,3,-999,-999,1,-999,4,4,4,f,16,-999,Policy Analyst,3,NA,2,2.3333333333333335,2,2.25,2.25,1,1.5,2.6666666666666665,2,2,2,-598.6,4,gb,cc,mobility
4iK0Li7xgGg_F0F0Uiv4SDgP4EJOiIZR8RmZR7CFGESvMyJc9euTnfs9HziiZYRS,1,2,1,3,3,2,3,2,3,1,1,2,2,1,2,2,2,2,3,1,2,-999,-999,-999,-999,3,3,3,2,3,3,2,3,1,2,1,1,2,2,2,1,2,1,2,1,3,1,2,2,2,2,-999,4,3,3,f,16,5,NA,-999,Italy,1.75,2.6666666666666665,1.8333333333333333,1.75,2,-798.6,2.75,2.6666666666666665,1.5,1.5,1.75,-198.2,3.3333333333333335,gb,cb,savings
4tClWA0bAR4JmKkyh7t-DOie0T4tOL8sMp8r4snYLa6bbYyz5z3GVbujWz72NYwB,1,2,2,2,3,2,3,2,2,2,2,2,2,2,2,2,3,4,4,4,3,4,4,4,4,4,3,3,3,2,2,3,2,4,3,3,4,4,3,4,4,4,4,4,4,5,4,2,2,2,2,2,4,4,4,f,16,2,NA,-999,Portugal,1.75,2.6666666666666665,2,2.25,3.75,4,2.75,2.3333333333333335,3.5,4,4.25,2,4,cb,gb,savings
4XXpZsa7hLzy-rq42D5j8XTUX7vFc5y-dp7EpWX-sSR0ylHbp0bDHWuc2J7bUcNO,1,2,3,2,4,1,4,1,1,1,1,1,1,1,1,1,1,1,1,1,1,4,4,4,4,4,3,3,3,4,2,3,2,4,4,5,4,6,5,6,4,4,4,4,5,4,5,1,1,1,1,1,4,4,4,f,35,-999,Social worker,1,NA,2,3,1,1,1,4,3.25,2.3333333333333335,4.666666666666667,4.5,4.5,1,4,cb,gb,savings
5IeMGG6s6GtRJO7w1I27qDn7yUzFkOdSUY-2-Dgafi-0UGYvxtUn8DtWkPCSamE3,1,3,2,3,3,2,3,4,3,3,3,4,4,3,3,3,3,3,3,3,4,2,1,1,1,1,1,2,1,2,4,1,4,2,2,2,2,2,2,2,2,2,2,3,2,2,2,4,-999,-999,-999,-999,4,4,3,f,16,1,NA,3,NA,2.25,2.6666666666666665,3.5,3,3.25,1.2,1.5,3,2,2,2.25,-798.4,3.6666666666666665,gb,cc,mobility
5KAKQTTSm59oQMvpCRnvnrzlsP4j0XGwd519Zdi5LsZyG89chFPd4ojiKZQAbJmh,1,2,2,2,3,2,3,3,6,5,6,5,3,4,5,4,4,3,6,3,4,-999,2,1,2,1,2,2,2,2,3,2,3,3,2,3,2,3,4,3,4,3,3,3,3,3,4,-999,2,2,2,2,3,3,3,m,16,1,NA,3,NA,1.75,2.6666666666666665,4.666666666666667,4.25,4,-198.6,2,2.6666666666666665,2.8333333333333335,3.25,3.25,-198.2,3,gb,cc,mobility
5mSqZWSldfKC-6H9HZct1D951aTosWRlPglDGC1Hzwm45EXL2hW1Attz4C1awNdk,2,3,3,3,3,2,3,1,1,1,1,1,1,1,1,1,1,1,1,1,1,3,3,3,3,-999,2,3,3,2,3,2,3,1,1,1,1,1,1,1,1,1,1,1,1,1,1,4,4,4,3,4,4,4,4,m,16,-999,Case Manager,3,NA,2.75,2.6666666666666665,1,1,1,-197.4,2.5,2.6666666666666665,1,1,1,3.8,4,cc,cb,savings
5r9x9zPr8SaQSJIckoTeE_24oRmH-5QtMKCY95zVMHhTcFF3EK6g-u8FahF3d6Jn,3,3,3,3,3,3,3,4,4,4,4,4,4,4,4,4,4,4,4,4,4,3,3,3,3,3,2,2,2,2,2,2,2,4,4,4,4,4,4,4,4,4,4,4,4,4,4,2,2,2,2,2,2,2,2,f,50,-999,Carer,1,NA,3,3,4,4,4,3,2,2,4,4,4,2,2,gb,cc,savings
6C9BZiUzFNkR5GFIBetjpeqzQ-5PGbPxOS_wboMNv1QeT3gTdajA7n7-ryw0-MRu,2,3,2,4,3,2,3,3,2,1,1,2,1,2,3,3,5,3,2,4,3,-999,-999,-999,2,-999,3,4,3,3,2,3,2,5,3,2,5,3,3,4,6,6,6,5,6,5,4,1,1,1,1,1,4,4,4,f,16,-999,CBT therapist post grad ,1,NA,2.75,2.6666666666666665,1.6666666666666667,3.25,3,-798.8,3.25,2.3333333333333335,3.5,5.5,5,1,4,cc,gb,mobility
6G29fRRAYthus_7bOeiqFRcEzyvz7GdgGP9rvHZ7GXeIkkbbjpUVqJlqqwTiDgRN,1,2,2,3,3,2,3,1,1,1,1,2,2,2,2,2,2,2,2,4,4,3,3,2,2,3,1,2,2,3,4,1,3,1,1,1,1,1,1,2,1,2,1,2,2,2,2,4,4,4,4,4,3,4,3,f,16,-999,Assistant Psychologist,1,NA,2,2.6666666666666665,1.3333333333333333,2,3,2.6,2,2.6666666666666665,1,1.5,2,4,3.3333333333333335,cc,cb,mobility
6poFjGVdllrAzgmjnaziWVi6o3gDxFyUzgAaTy-s_E6BtSscKpdMWeeRf4RaCEow,2,2,2,2,2,3,3,1,1,1,1,1,1,1,1,1,1,1,1,1,1,4,4,4,4,4,3,3,3,3,3,1,3,1,1,1,1,1,1,1,1,1,1,1,1,1,1,3,3,3,3,3,4,4,4,f,16,1,NA,1,NA,2,2.6666666666666665,1,1,1,4,3,2.3333333333333335,1,1,1,3,4,cb,cc,mobility
6SkfWKJgNhZIc2xBBagWQbdF5WnZJu3IKOYk2JKa6OLriuRW0pkug3B1RXZvHMLb,2,2,3,3,3,1,3,1,1,1,2,4,4,2,2,2,2,4,2,2,2,3,4,4,4,4,1,3,2,2,2,3,3,2,2,3,2,2,2,3,2,2,2,4,3,2,2,2,3,3,3,4,3,4,3,f,16,1,NA,3,NA,2.5,2.3333333333333335,2.1666666666666665,2,2.5,3.8,2,2.6666666666666665,2.1666666666666665,2.25,2.75,3,3.3333333333333335,cb,cc,mobility
6WXjK_nrR7xSxPz4dxuKscLefsmsoxKL40rChDq9AVZUARatmcSiidu6OE7xN5--,3,4,2,4,2,2,2,4,4,4,4,4,4,4,5,4,4,5,5,6,4,1,1,1,1,1,2,3,2,3,2,2,2,2,2,2,2,3,3,3,2,2,2,2,2,2,2,3,3,3,3,3,3,2,4,f,35,-999,Student,1,NA,3.25,2,4,4.25,5,1,2.5,2,2.3333333333333335,2.25,2,3,3,gb,cb,savings
6zz-JX-VG_ltlhRKr8KMXrHjjkHJe-hChfhFojxquR3QOXypsQLBHaLNQFivR0_w,2,3,4,4,2,3,2,5,4,4,4,5,4,4,3,4,4,3,4,4,4,-999,-999,-999,-999,-999,2,3,3,3,3,2,3,3,4,4,4,4,4,4,4,4,4,3,3,4,4,4,4,4,4,4,4,2,2,f,16,-999,social worker,3,NA,3.25,2.3333333333333335,4.333333333333333,3.75,3.75,-999,2.75,2.6666666666666665,3.8333333333333335,4,3.5,4,2.6666666666666665,cc,cb,mobility
7lLbuunqaYGpKvoMdYrmgEJjez3M4xqXSZ4V8U2JyKQ5CBqK8aPMJ83EgAFpYzDI,1,2,2,2,3,2,3,2,2,2,2,3,2,1,3,3,3,3,2,2,2,3,3,-999,3,3,2,2,2,2,2,2,3,2,2,2,3,3,2,2,3,3,3,3,3,3,3,2,1,1,3,1,3,3,4,f,16,1,NA,3,NA,1.75,2.6666666666666665,2.1666666666666665,2.5,2.25,-197.4,2,2.3333333333333335,2.3333333333333335,2.75,3,1.6,3.3333333333333335,cc,gb,savings
7VUn9DvY6zIoLldBkUH074fJBctLkJThJ8OOaKtKQka0OQDvv3wFxxMCLbG6KD7r,4,4,2,4,3,2,3,1,1,1,1,1,1,2,1,1,1,1,1,1,2,3,-999,-999,4,-999,3,2,2,4,1,4,1,1,1,1,1,1,1,1,1,1,1,1,1,1,1,-999,1,1,3,1,4,4,1,f,35,-999,mental health worker,1,NA,3.5,2.6666666666666665,1,1.25,1.25,-598,2.75,2,1,1,1,-198.6,3,cc,gb,savings
8sAunf8ZTBcZWgKokCHo7RM3O2z0WuiP6kfP5NT8nESSUgyI4fNqeVdll0Ggv5hA,3,1,1,1,3,2,3,2,1,2,1,1,1,2,2,1,1,2,2,1,1,4,1,1,1,1,3,1,2,1,4,1,4,1,1,1,1,1,1,2,1,1,1,2,2,1,1,4,4,4,4,4,4,4,3,f,16,1,NA,-999,Portugal,1.5,2.6666666666666665,1.3333333333333333,1.5,1.5,1.6,1.75,3,1,1.25,1.5,4,3.6666666666666665,gb,cb,mobility
8zUlxvury4q1eH9Xj-brjN6442JqXDH6m2k1-IrjdtLOoUF6Y6zexh1_rQa26ihL,1,1,2,2,2,1,3,4,4,4,4,6,4,2,2,4,4,2,2,2,4,4,4,4,4,4,1,1,2,2,3,2,3,4,4,4,4,4,4,4,4,4,4,4,4,4,4,3,-999,-999,-999,-999,3,4,3,f,16,2,NA,-999,Portugal,1.5,2,4.333333333333333,3,2.5,4,1.5,2.6666666666666665,4,4,4,-798.6,3.3333333333333335,cb,cc,mobility
9Eo60QayHMLRl0D3mgVIbIkXHArwHcA8zeXVqmGl0pY_XE_ilKM03pf4laa5GNqY,1,4,2,4,4,1,4,3,2,2,2,2,3,4,4,3,3,3,4,3,2,1,1,1,1,1,2,2,2,4,4,1,4,1,1,1,1,2,1,2,2,1,1,2,1,2,1,2,-999,-999,-999,-999,4,4,3,m,16,-999,Patron Services Specialist,3,NA,2.75,3,2.3333333333333335,3.5,3,1,2.5,3,1.1666666666666667,1.5,1.5,-798.8,3.6666666666666665,gb,cc,mobility
9Oa6C0TLHXQl2MIpvZa2NBmfk6DjMVOJPNeet0Rbtk-rJxK-75cbHJOp4pMWTodw,2,4,2,2,3,2,3,3,2,3,3,3,2,3,2,4,4,3,4,3,4,3,-999,-999,2,-999,2,2,2,3,3,2,3,3,2,2,2,3,2,4,3,4,3,4,3,3,3,2,1,1,3,1,3,4,3,m,16,2,NA,1,NA,2.5,2.6666666666666665,2.6666666666666665,3.25,3.5,-598.4,2.25,2.6666666666666665,2.3333333333333335,3.5,3.25,1.6,3.3333333333333335,cc,gb,mobility
9rtEUL5_6WhiRaEWWK_-qA1FjxgDiJ7TPkrHgikk_lyjB4B8V9y_fVByXYmJLdJy,2,2,2,3,3,2,3,2,1,2,2,2,2,2,2,2,2,2,2,2,4,-999,4,4,4,4,3,1,2,3,2,2,2,2,2,2,2,3,2,4,3,4,2,2,2,2,4,-999,-999,1,3,1,4,4,3,f,50,-999,CEO Non Profit,3,NA,2.25,2.6666666666666665,1.8333333333333333,2,2.5,-196.6,2.25,2,2.1666666666666665,3.25,2.5,-398.6,3.6666666666666665,cb,cc,mobility
a2uKch234NFNyLZjQ5z3iVhrboaUD070MIzJcRYWEotar6-oDr_DHIcEoDrrKfQM,3,3,2,3,2,2,2,3,2,2,3,4,3,3,4,4,3,3,4,3,3,2,1,-999,2,2,2,3,3,3,2,3,2,2,2,2,3,3,3,3,2,3,4,3,4,2,2,4,4,4,3,4,4,4,3,f,50,3,NA,1,NA,2.75,2,2.8333333333333335,3.5,3.25,-198.4,2.75,2.3333333333333335,2.5,3,2.75,3.8,3.6666666666666665,gb,cb,savings
a3-Kf90xSiYEbOM7Uult972gnZOS74jEiyFci2ffNa37o25cjAb0KR-vtKvOBbVZ,2,2,2,2,4,1,4,1,1,1,1,1,1,3,2,1,2,3,1,1,3,2,2,2,2,2,2,3,2,2,2,2,3,1,2,2,2,2,1,3,2,2,1,2,1,2,3,1,1,1,1,1,3,4,4,f,35,5,NA,3,NA,2,3,1,2,2,2,2.25,2.3333333333333335,1.6666666666666667,2,2,1,3.6666666666666665,cc,gb,savings
A6rQmqc6A62IB6A1JVNwh_BnYG1wX8OPJKVg8P7nLEVJXHSh3cxIsPxKi4ziH269,1,2,1,3,4,1,4,1,1,1,1,2,1,2,1,2,2,3,1,1,1,2,-999,-999,-999,-999,4,3,2,3,4,1,4,1,1,1,1,1,1,1,1,1,1,1,1,1,1,4,4,4,4,4,4,4,4,f,16,1,NA,3,NA,1.75,3,1.1666666666666667,1.75,1.5,-798.8,3,3,1,1,1,4,4,cc,cb,mobility
AChE-RPMOvx8r-23Swb7wfTRojpvTT_5YnvFcfy8PEpOHSV6gJuMyWqXH4v0xhp8,2,1,3,3,4,1,4,2,1,2,1,2,1,1,1,2,3,3,1,2,2,4,-999,3,4,3,1,1,1,2,4,1,4,1,1,2,2,3,1,1,1,1,1,1,1,1,1,2,3,4,4,4,1,3,2,m,16,-999,Program Generalist,3,NA,2.25,3,1.5,1.75,2,-197,1.25,3,1.6666666666666667,1,1,3.4,2,cb,gb,mobility
aEra5tB4gvPFAlUtC7aODpLnkMFZx0thqbH4sKrNTC-RG_n163VOyMMDiU6anCRz,2,4,3,3,3,2,3,3,2,3,1,5,3,2,2,3,3,3,3,3,2,1,1,1,1,1,1,2,1,2,4,1,4,1,1,1,1,1,1,1,1,1,1,1,1,1,1,4,4,4,4,4,4,4,4,f,16,-999,Department Research Assistant ,3,NA,3,2.6666666666666665,2.8333333333333335,2.5,2.75,1,1.5,3,1,1,1,4,4,gb,cb,mobility
AX_r-r94VQ0HY7BDxgNSxA6Af0j1xZTMsGOYSu4fMozLKuAFBXYic5zzCWa_9eB9,1,3,2,3,3,2,3,1,1,1,1,2,1,2,2,3,2,4,2,2,3,3,1,1,2,1,1,3,2,2,3,2,3,1,1,1,1,1,1,2,2,4,3,4,2,1,4,2,-999,-999,-999,-999,4,4,4,f,16,5,NA,-999,Mexico,2.25,2.6666666666666665,1.1666666666666667,2.25,2.75,1.6,2,2.6666666666666665,1,2.75,2.75,-798.8,4,gb,cc,savings
b4H1sgJHjvO3WG-QtvSG9hL_lW_HAsCv5KdIay88zncS6Dx_2QZqbpGc6B3rv6j1,2,2,1,3,2,2,2,5,4,3,5,5,5,3,3,4,4,4,4,5,5,1,1,1,2,1,3,3,1,3,2,2,3,4,3,3,5,2,3,3,2,4,2,4,3,3,3,3,-999,-999,1,-999,4,3,3,m,16,1,NA,-999,Italy,2,2,4.5,3.5,4.5,1.2,2.5,2.3333333333333335,3.3333333333333335,2.75,3.25,-598.6,3.3333333333333335,gb,cc,mobility
bDMWbFUK2IRZpMGm4msYWnDC9grUKbKrTYKAWcPag1HFxuaPx7deGOUyKjTCcZFh,4,4,3,4,3,2,2,3,3,5,5,6,6,4,5,4,4,4,4,5,4,1,1,1,1,1,2,2,1,2,3,2,3,3,2,2,3,2,2,3,3,2,2,2,2,2,2,4,-999,-999,3,-999,4,4,4,f,16,1,NA,3,NA,3.75,2.3333333333333335,4.666666666666667,4.25,4.25,1,1.75,2.6666666666666665,2.3333333333333335,2.5,2,-598,4,gb,cc,mobility
BFhMJh1KAj3fH8SzqPauFU1N3TpSj1JS_AJJe_viumReVrXJ-6u6DOdg5kN5OMp9,1,2,3,2,4,1,4,2,3,2,2,4,2,4,4,2,2,3,2,2,2,-999,-999,-999,3,-999,1,2,3,2,2,3,2,5,4,4,5,5,4,5,5,4,5,4,5,4,5,1,1,1,2,1,4,2,4,f,16,1,NA,-999,Spain,2,3,2.5,3,2.25,-798.6,2,2.3333333333333335,4.5,4.75,4.5,1.2,3.3333333333333335,cc,gb,savings
bGj-WvWK9Xz_ZgmWH4ZrhRtmhLKKYwKAXrFgJHdeXEB0ShNJuyeNAeKzGzlTCAJj,2,3,3,3,2,3,2,3,3,3,3,4,3,4,3,4,4,4,3,2,4,4,4,4,3,4,2,3,3,3,3,2,3,3,2,2,2,2,2,4,3,4,4,4,4,4,5,2,2,2,2,2,4,4,3,f,16,1,NA,3,NA,2.75,2.3333333333333335,3.1666666666666665,3.75,3.25,3.8,2.75,2.6666666666666665,2.1666666666666665,3.75,4.25,2,3.6666666666666665,cb,cc,mobility
bJxotOyQ4PJd6jbCtdieykTPJ5_1BZB0TeJ_bhhjX8caBlJe7GGIMV1MO30R7AVX,1,3,3,3,2,3,3,1,1,1,1,1,1,1,1,2,2,1,1,1,2,4,4,4,4,4,1,3,3,3,4,1,4,1,2,1,1,1,1,3,3,1,2,3,3,2,3,1,-999,-999,1,2,4,4,3,f,16,2,NA,4,NA,2.5,2.6666666666666665,1,1.5,1.25,4,2.5,3,1.1666666666666667,2.25,2.75,-398.8,3.6666666666666665,cb,cc,mobility
BN9bdXYSM_T_W6A8z_wAm7AOHmLVBTv0oRap4U7XhBswxyljnS2V90E7v7LjA6ql,3,3,2,3,3,2,3,3,3,3,3,3,3,3,3,3,3,3,3,3,3,3,3,4,3,3,2,3,2,3,2,2,2,4,4,4,4,6,4,3,4,4,4,4,5,4,4,2,2,1,1,1,4,4,4,f,16,-999,practitioner,1,NA,2.75,2.6666666666666665,3,3,3,3.2,2.5,2,4.333333333333333,3.75,4.25,1.4,4,cb,gb,mobility
bnUGm-poCbzrtTvC3mPUza25XirVcgdU9GjO6dJDeitGXg-4hL3Ym2xEb-8NlJBp,3,2,3,2,4,1,4,1,1,1,1,1,1,1,1,1,1,1,1,1,1,4,4,4,4,4,2,1,3,2,1,4,1,3,1,1,1,1,1,2,1,2,1,2,3,1,2,1,1,1,1,1,4,4,4,f,16,-999,BA,-999,Portugal,2.5,3,1,1,1,4,2,2,1.3333333333333333,1.5,2,1,4,cb,gb,savings
BqTdsyhaDWgDeJ5Iss7RakMjJcjtUSN3okIv3NNUIrlzx87EMi67MdP5AEJdwJLi,2,3,2,3,2,3,1,2,1,1,2,4,4,2,4,4,4,4,4,4,4,3,4,4,3,4,2,2,2,2,3,2,3,1,1,1,2,4,4,4,4,4,4,4,4,4,4,3,1,1,2,1,4,4,2,f,16,-999,Undergraduate,3,NA,2.5,2,2.3333333333333335,3.5,4,3.6,2,2.6666666666666665,2.1666666666666665,4,4,1.6,3.3333333333333335,cb,gb,mobility
c0rqR9oLAWzUUG1DsGYGvA0REaanbp4T3wN59l759aHpu25q2o-otps-FCr6S885,2,3,2,4,2,3,3,2,3,2,3,3,1,2,2,3,1,3,1,2,3,4,4,4,3,4,2,4,3,4,2,3,2,2,2,1,3,3,1,3,2,2,2,2,1,2,2,1,4,4,2,4,4,3,3,f,16,-999,Psychology Undergraduate ,1,NA,2.75,2.6666666666666665,2.3333333333333335,2,2.25,3.8,3.25,2.3333333333333335,2,2.25,1.75,3,3.3333333333333335,cc,cb,mobility
cFwXM3avJAzJK5qF4XtKSVaqQhCSND_0evXnKzXs2fZRkY-xHCAUR5Ywqb_8tsIN,2,3,3,3,3,2,3,2,3,3,3,3,3,3,3,3,3,4,2,3,4,4,4,4,4,4,2,2,2,2,3,2,3,3,3,3,3,3,3,4,3,3,3,4,3,3,4,2,2,2,2,2,4,4,4,f,16,-999,Prolific Employee,3,NA,2.75,2.6666666666666665,2.8333333333333335,3,3.25,4,2,2.6666666666666665,3,3.25,3.5,2,4,cb,cc,mobility
CKYyMrvq3eXto_cbB535XcAIbN82kC2lPJQNznWmX1saOcl5JyFzU15-6cTOam-m,1,3,3,2,3,2,3,1,2,1,2,3,1,3,3,4,3,4,1,1,2,3,3,3,3,4,2,2,2,2,3,1,2,2,3,3,3,3,3,2,1,2,1,2,4,1,1,2,1,1,1,1,4,4,3,m,16,1,NA,1,NA,2.25,2.6666666666666665,1.6666666666666667,3.25,2,3.2,2,2,2.8333333333333335,1.5,2,1.2,3.6666666666666665,cc,gb,mobility
conqbWx4_g-njK97VM-x5pSBjos3qF-HrIAvrVU0ZeajhQbvpV7UxR_UDQVsozP7,2,2,4,3,2,3,1,1,2,1,1,4,1,2,2,3,4,3,4,4,2,3,3,-999,4,-999,2,2,1,1,2,1,3,2,2,2,3,3,3,1,2,5,6,5,4,3,4,2,2,4,3,3,3,4,1,m,16,1,NA,-999,Poland,2.75,2,1.6666666666666667,2.75,3.25,-397.6,1.5,2,2.5,3.5,4,2.8,2.6666666666666665,gb,cc,mobility
CScN47sNt90qvZpwv-u94kIhhatp0CGgCsC3l81EgNa-9z0l-reFvNIDPQRoZrYk,2,2,3,2,4,1,4,2,3,2,2,2,3,2,2,2,2,2,2,2,3,2,1,1,1,1,2,2,3,3,2,3,3,1,2,1,2,2,1,2,2,2,2,2,2,2,2,2,-999,-999,-999,-999,4,4,3,f,16,-999,"Journalist, news compiler and reader on radio.",-999,South Africa,2.25,3,2.3333333333333335,2,2.25,1.2,2.5,2.6666666666666665,1.5,2,2,-798.8,3.6666666666666665,gb,cc,savings
CtgGc2Ey4yvY-6RdTXfpxC_MpD9r9OFlUA9iHtISomowuygqonE8qBdfr_2L4Flv,2,3,2,2,3,2,3,3,2,2,2,2,3,4,3,4,4,4,4,3,4,3,4,4,4,4,2,2,2,2,3,2,3,3,2,2,2,2,2,3,3,3,4,4,4,4,4,2,-999,-999,-999,-999,3,3,4,m,16,-999,Program and Operations Manager - Not Student,4,NA,2.25,2.6666666666666665,2.3333333333333335,3.75,3.75,3.8,2,2.6666666666666665,2.1666666666666665,3.25,4,-798.8,3.3333333333333335,cb,cc,savings
d_d5C0oFWfwkUaatokvNBjCDGpgxtHSS4RQR3E34rBlTxs9Bor3Gcb3VtLT0fLoN,3,2,2,4,2,2,2,3,4,3,3,3,4,5,4,4,4,4,4,3,4,4,-999,-999,4,-999,2,3,3,4,4,1,4,1,2,2,2,2,3,3,3,3,3,3,4,2,3,1,1,1,1,1,4,4,4,f,16,1,NA,1,NA,2.75,2,3.3333333333333335,4.25,3.75,-597.8,3,3,2,3,3,1,4,cc,gb,mobility
d6OFrLMaR-raFznNJNl6aD8ergRso4M9iB04u-FxbuuDvYwJY5ypXnTHYI121rMS,3,3,3,3,2,2,2,5,4,5,5,5,5,4,4,4,4,4,4,4,4,1,1,1,1,1,2,3,2,2,4,1,4,3,4,4,4,3,3,4,3,3,4,3,4,4,4,2,2,2,2,2,4,4,4,f,16,-999,Assistant Psychologist,1,NA,3,2,4.833333333333333,4,4,1,2.25,3,3.5,3.5,3.75,2,4,gb,cc,mobility
DHNGkFdZG_S6QXPuJS5ewHLepmeyLvHYtbLNWf-u1nPEOgmGXWkgvsbvyz2TpDvF,2,3,2,4,2,1,3,4,3,3,3,3,4,3,3,2,3,3,3,2,4,3,4,4,3,-999,3,4,2,4,2,3,3,2,2,3,2,2,2,3,2,3,3,3,2,2,2,3,2,4,4,2,4,4,2,f,35,-999,Community support worker,-999,Australia,2.75,2,3.3333333333333335,2.75,3,-197,3.25,2.6666666666666665,2.1666666666666665,2.75,2.25,3,3.3333333333333335,cb,cc,mobility
Dq6ueQAI6NK42Db7EwHrYI1i4IrXG30n_mxuc3-kZF75XWM0a3tmORO6odfrtvgD,1,3,2,2,3,1,3,2,1,1,1,2,1,2,3,2,2,2,2,2,3,4,3,4,4,4,2,2,3,2,4,1,4,1,1,1,1,1,1,3,1,1,1,1,2,1,2,-999,-999,-999,-999,-999,4,4,4,f,35,-999,Nurse ,-999,Australia ,2,2.3333333333333335,1.3333333333333333,2.25,2.25,3.8,2.25,3,1,1.5,1.5,-999,4,cb,cc,mobility
dT5pl-IdhkQywURgeXbc4ZWma3qDcTuu-k6h4EKAhpIczem1_rsv2pXcv412a5wf,1,3,4,3,2,1,3,1,1,1,1,1,1,1,1,1,1,1,1,1,1,4,4,4,4,4,2,3,4,4,3,2,3,3,3,3,3,3,3,3,3,3,4,5,3,3,4,-999,-999,-999,1,-999,4,4,4,f,35,-999,Team Support Officer ,1,NA,2.75,2,1,1,1,4,3.25,2.6666666666666665,3,3.25,3.75,-799,4,cb,cc,savings
Du7irxcuRPnj9KRI0QjrHMnZGtAUIjSw5d0ZvxXt6y7ZP3m_M68EdicZf8UGpsam,2,3,2,3,3,2,3,2,2,2,2,3,3,4,4,3,6,6,3,6,6,4,4,4,4,4,2,3,2,4,3,2,3,2,2,2,2,3,2,4,4,3,3,3,4,3,3,1,1,1,1,1,4,4,4,m,16,1,NA,4,NA,2.5,2.6666666666666665,2.3333333333333335,4.25,5.25,4,2.75,2.6666666666666665,2.1666666666666665,3.5,3.25,1,4,cb,gb,savings
Dv3eQk3raTllIKiLh1hLioZwdpwwrekoA7E1B7MJbr2jbKgA9mT-icDv_FGfjzT0,1,1,1,2,3,1,3,1,1,1,1,1,1,1,1,2,1,1,1,1,1,4,4,4,4,4,1,1,1,2,1,1,1,1,1,1,1,1,1,1,1,1,1,1,1,1,1,2,-999,-999,2,-999,4,4,4,f,16,-999,Research Fellow,3,NA,1.25,2.3333333333333335,1,1.25,1,4,1.25,1,1,1,1,-598.6,4,cb,cc,savings
dXdexX1Ep6mA8YQ2MF5Wrb9WbAQM8komYxGt_vAM7vBgPV1GLYfn-ONjQRIPDvvs,1,2,2,1,3,2,3,1,1,2,1,2,1,2,2,2,2,3,2,1,2,4,-999,-999,3,-999,1,2,2,2,3,2,3,1,1,1,1,1,2,1,1,2,1,1,1,1,1,4,3,4,4,4,3,3,4,m,16,1,NA,3,NA,1.5,2.6666666666666665,1.3333333333333333,2,2,-598,1.75,2.6666666666666665,1.1666666666666667,1.25,1,3.8,3.3333333333333335,cc,cb,savings
E4LyGLModrw9tAW5PnWTBpVkfcrBnuZTYqmYPD46IAN4fMYFAdKEr2Nuenn3Q9fr,2,2,3,2,3,2,3,4,5,5,5,5,4,4,4,4,4,4,4,5,4,-999,4,4,4,-999,2,2,2,2,3,2,3,4,4,4,4,4,4,4,4,4,4,4,4,4,4,1,1,1,2,-999,4,4,4,f,16,-999,ADMIN ASST,3,NA,2.25,2.6666666666666665,4.666666666666667,4,4.25,-397.2,2,2.6666666666666665,4,4,4,-198.8,4,cb,gb,savings
EE4pJXgiS3GOxXbH4MUvx2kAtWfxMQgupb-12mNwEC8byUIGrmvc5Kce2vU3tDSF,3,2,3,3,3,2,3,4,3,3,3,3,3,2,3,3,3,3,3,3,3,1,1,1,1,1,1,2,2,3,3,2,3,2,2,2,2,2,2,2,2,2,2,2,2,2,2,4,4,4,4,4,4,4,4,m,35,-999,HR,3,NA,2.75,2.6666666666666665,3.1666666666666665,2.75,3,1,2,2.6666666666666665,2,2,2,4,4,gb,cb,mobility
EMdKrrQI1fp9bp3B9hbWccUf9wUSrU8QHW4bgeOpdvGsSk7Tm84WhbxGdhrDRyod,1,2,2,3,3,2,3,2,1,2,1,2,2,1,3,3,3,3,3,2,4,4,4,4,4,4,3,3,2,2,2,3,2,3,3,3,3,3,3,3,5,4,4,4,4,4,4,3,-999,-999,-999,-999,3,3,2,f,16,-999,Undergraduate Research Assistant/Professional Research Assistant (3 years/1.5 years respectively),3,NA,2,2.6666666666666665,1.6666666666666667,2.5,3,4,2.5,2.3333333333333335,3,4,4,-798.6,2.6666666666666665,cb,cc,mobility
EMX_KqacX7A_aYblaHgJCbad0qMKDPdO9LcJHBgKDkXVyG-3mE1g6z-qGBbeuaqo,2,3,3,4,2,2,2,3,2,2,4,4,3,4,4,3,4,5,5,4,4,4,4,4,4,4,2,3,2,3,3,2,3,3,2,1,2,3,3,2,3,2,3,3,2,2,3,1,1,1,2,1,4,4,4,f,16,-999,Employed,1,NA,3,2,3,3.75,4.5,4,2.5,2.6666666666666665,2.3333333333333335,2.5,2.5,1.2,4,cb,gb,mobility
eR0raKFvz2sjJQYC6mzbC8V19RP20RYjVP4Hr-7GWIvv__lAxxc7oKc33sdR_7hp,1,1,2,3,4,1,4,1,1,1,1,1,1,1,1,1,1,1,1,1,1,4,4,4,4,4,1,3,3,3,2,2,2,4,2,2,3,4,2,4,4,4,4,4,3,4,5,1,1,1,1,1,4,4,4,f,16,1,NA,3,NA,1.75,3,1,1,1,4,2.5,2,2.8333333333333335,4,4,1,4,cb,gb,savings
EUambEi_-yu87txvKE8ZYtfHFolABHqCRheGxxpRPSeV7Qq--JG2ZEMD5NjfQVmJ,3,4,2,3,2,1,4,3,2,2,5,3,2,3,4,3,5,2,3,3,5,1,1,1,1,1,2,2,3,2,3,2,3,1,1,1,1,1,1,2,2,2,2,2,1,1,1,2,-999,-999,3,-999,4,3,4,f,16,-999,Student,1,NA,3,2.3333333333333335,2.8333333333333335,3.75,3.25,1,2.25,2.6666666666666665,1,2,1.25,-598.4,3.6666666666666665,gb,cc,mobility
EwMcFg6WPad4kbwa0zG9kRvW8ip1toq7dGL1eF1raRXmTu4uWZVHarBsSxpoSdsU,1,2,2,2,3,1,3,2,3,2,3,2,3,3,3,4,3,2,2,3,4,4,4,4,4,4,2,2,2,2,2,2,3,2,2,2,2,2,2,3,2,3,2,2,3,2,4,-999,-999,-999,-999,-999,4,4,3,f,16,2,NA,1,NA,1.75,2.3333333333333335,2.5,3.25,2.75,4,2,2.3333333333333335,2,2.5,2.75,-999,3.6666666666666665,cb,cc,savings
ezQRdHBaQ7AlVRWa7RjIhBFZoaqcSwbK7IthHTHG7XI643WZlOXEX6KAoWVEc_0V,2,2,3,3,3,1,3,4,3,3,2,3,3,4,4,2,1,3,3,3,3,1,2,1,2,2,1,1,2,1,4,2,4,1,1,1,1,1,1,2,1,3,1,2,1,1,1,3,2,-999,3,3,3,4,3,f,16,1,NA,3,NA,2.5,2.3333333333333335,3,2.75,3,1.6,1.25,3.3333333333333335,1,1.75,1.25,-197.6,3.3333333333333335,gb,cc,mobility
f3hbJ6RwMn_A9GKgHW4nGiNMvKr_PHvmiuJKQNpilVkPpw1sxNcPFRxf1VtzOxEh,2,2,2,3,3,2,3,3,3,2,3,3,3,4,4,3,3,3,3,4,5,2,1,1,2,1,2,3,2,2,3,2,3,3,3,3,2,4,3,3,3,4,3,3,3,3,3,-999,-999,-999,3,-999,4,4,3,f,16,-999,Market Research Associate,3,NA,2.25,2.6666666666666665,2.8333333333333335,3.5,3.75,1.4,2.25,2.6666666666666665,3,3.25,3,-798.6,3.6666666666666665,gb,cc,mobility
fHHbPAyPJOLol7HpUsO6hvtLG8BqaXvW_eSvoCalGFl9X6nteVk-rrUsdegrdfln,1,2,4,2,3,2,3,3,3,3,3,4,3,3,3,3,3,2,2,3,4,2,-999,3,3,4,2,3,3,3,3,2,3,3,2,2,2,2,2,3,3,2,3,3,3,3,3,3,2,2,2,1,3,3,2,f,16,-999,Support worker ,1,NA,2.25,2.6666666666666665,3.1666666666666665,3,2.75,-197.4,2.75,2.6666666666666665,2.1666666666666665,2.75,3,2,2.6666666666666665,cb,gb,mobility
FKu18YWhNLG0Zj_F_sUOTm2KGIizY8HeZQxTre-xLIXz_1-w_kjpLgTzg83vpT2X,3,4,4,4,2,4,2,3,4,6,4,4,4,4,4,6,7,6,5,6,5,2,-999,-999,1,2,2,3,2,2,3,2,3,2,2,2,1,2,1,2,2,2,1,1,2,1,1,3,4,4,4,4,4,4,4,m,16,1,NA,-999,Spain,3.75,2.6666666666666665,4.166666666666667,5.25,5.5,-398.6,2.25,2.6666666666666665,1.6666666666666667,1.75,1.25,3.8,4,cc,cb,mobility
FU1FV1ajDQUw3tAAfTLj6Vsa5CfDcsDfNwa5kC-pZUuwUF7ssX8LvZbyT60EkZdk,3,4,3,3,2,2,2,4,4,4,5,6,5,4,4,4,4,4,4,4,4,1,1,1,1,1,4,4,3,4,1,2,2,4,4,4,6,5,5,6,5,4,4,4,4,6,5,1,1,1,1,1,4,4,2,f,16,5,NA,-999,MÃ©xico,3.25,2,4.666666666666667,4,4,1,3.75,1.6666666666666667,4.666666666666667,4.75,4.75,1,3.3333333333333335,gb,cc,mobility
Ga6RT0OLkIHxyxQ4qXxbswWRV6Gr5dRxQ8PMLZd29RN3jWn5H29URS4knyL-gmFO,3,3,3,3,3,3,2,5,4,4,5,5,4,5,5,5,5,5,5,5,5,1,1,1,1,1,3,3,3,3,3,2,3,4,4,4,5,5,5,4,4,5,5,4,5,5,5,1,1,1,1,1,4,4,4,m,50,-999,small business owner,3,NA,3,2.6666666666666665,4.5,5,5,1,3,2.6666666666666665,4.5,4.5,4.75,1,4,gb,cc,mobility
Gc1I55RZerYxGKcIi1g-_ydjCgt4WNncGiE21xZK2vYYTXdypoBmM518o1H4_LOq,3,1,3,2,2,2,2,3,5,3,3,4,3,3,3,3,4,3,3,3,3,2,2,2,2,2,2,2,2,2,3,2,3,2,3,2,3,2,2,2,3,2,2,2,2,2,3,4,4,4,4,4,4,4,3,f,50,-999,Graduate student ,3,NA,2.25,2,3.5,3.25,3,2,2,2.6666666666666665,2.3333333333333335,2.25,2.25,4,3.6666666666666665,gb,cb,mobility
Gd3ka1rQpszplIZfUvABsaTvJd1boNzuGJ56cA0hWp6Oxjz4dYvUo3cOqouXd9tq,3,2,2,2,2,3,2,5,4,3,4,3,4,3,3,3,4,4,5,4,4,1,1,3,2,2,3,3,2,2,2,2,3,3,3,3,4,4,3,3,4,4,4,4,3,3,4,4,4,4,4,4,4,4,4,f,16,-999,Social worker,-999,Netherlands,2.25,2.3333333333333335,3.8333333333333335,3.25,4.25,1.8,2.5,2.3333333333333335,3.3333333333333335,3.75,3.5,4,4,gb,cb,mobility
gGuJp5jZzbnUunRiI17Jf5bs-koXgwDOQNc4EU-0OrIqcce4tY3prG7m7BwC-Ev9,2,2,3,3,4,1,4,3,3,2,3,3,3,2,1,1,1,1,1,2,1,1,-999,-999,1,-999,3,2,3,3,3,2,3,1,2,2,2,2,3,1,1,2,1,1,1,1,3,4,4,4,-999,4,4,4,4,f,16,1,NA,-999,Israel,2.5,3,2.8333333333333335,1.25,1.25,-599,2.75,2.6666666666666665,2,1.25,1.5,-196.6,4,cc,cb,savings
gOvxgBe_I3XtHOIDU85KfcFXOjSEKHelULRzMw8CxdNKIKWj2HKI7jA1oUsb8jiU,1,3,2,2,2,2,2,1,1,1,1,1,1,4,1,2,2,2,2,1,4,2,4,4,3,2,3,2,3,3,2,2,2,1,2,2,2,3,2,4,3,3,4,3,3,2,4,2,1,1,2,1,4,3,4,f,16,5,NA,1,NA,2,2,1,2.25,2.25,3,2.75,2,2,3.5,3,1.4,3.6666666666666665,cc,gb,mobility
H0F2MJEAlhqVPubWvu795-N3Xv5P1oub_ZgLwvPpBmHpPAjpq4LEex9uGHEJqbUp,2,2,2,2,3,2,3,2,2,2,2,2,4,2,2,2,2,2,2,2,2,-999,-999,-999,3,-999,3,3,3,3,2,2,2,3,2,2,3,3,4,2,3,3,3,3,2,3,3,-999,4,4,4,4,3,3,3,f,50,-999,student,1,NA,2,2.6666666666666665,2.3333333333333335,2,2,-798.6,3,2,2.8333333333333335,2.75,2.75,-196.6,3,cc,cb,savings
HaN6fsTs3-MiHqG7Wo9G9u2UF_NVaYdPbeDxmrVHmTBsDMMoyoIi75YKcYR1Ur4Q,4,1,2,2,3,2,3,2,2,2,3,3,2,3,3,4,3,4,4,2,3,2,2,-999,3,-999,4,2,3,2,3,2,3,2,2,2,1,3,2,2,2,3,3,2,2,1,2,4,4,4,4,4,4,4,4,m,16,1,NA,-999,Portugal,2.25,2.6666666666666665,2.3333333333333335,3.25,3.25,-398.2,2.75,2.6666666666666665,2,2.5,1.75,4,4,cc,cb,savings
hBHyhuZ4NnrWWrGmXxWCpgUj-VghZvuAYj981mYVKd2RBKHPw9-ltNzg-ufEmlO0,1,1,1,2,1,1,4,1,2,1,1,1,1,1,1,1,2,1,1,1,2,4,4,4,4,4,2,2,2,2,3,2,3,2,2,2,2,2,2,3,2,2,2,3,2,2,2,2,2,2,2,2,4,4,3,m,16,1,NA,-999,Belgium,1.25,2,1.1666666666666667,1.25,1.25,4,2,2.6666666666666665,2,2.25,2.25,2,3.6666666666666665,cb,gb,savings
Hm8IxZhjChk0apz9cewYvje8el4iKf2UML5HoRv3p0wutB3XiQEUsuAzk5OmnRrl,2,4,2,4,2,3,3,2,2,3,2,3,2,4,3,4,3,3,3,3,4,2,-999,-999,3,-999,1,3,2,3,3,3,3,2,2,2,2,2,2,3,3,3,3,4,3,3,3,2,3,4,3,3,3,4,3,f,16,3,NA,3,NA,3,2.6666666666666665,2.3333333333333335,3.5,3.25,-598.4,2.25,3,2,3,3.25,3,3.3333333333333335,cc,cb,mobility
hvCtj6402fcDEI4KukIpJbSm_CwkIaolJevqvn6TtfUxs_hLtjZD6dfNFYyGNt2A,2,2,3,3,2,3,1,3,3,3,4,4,3,3,2,4,2,3,2,2,4,3,1,1,2,1,3,4,2,3,3,2,2,3,4,3,2,2,3,2,3,3,2,3,3,2,3,4,4,4,4,4,4,4,4,f,50,-999,Student,1,NA,2.5,2,3.3333333333333335,2.75,2.75,1.6,3,2.3333333333333335,2.8333333333333335,2.5,2.75,4,4,gb,cb,mobility
iD8N4GmhaO4WxCpRLqDYWizjBeqH-Q5FIuzyDSE1w3kcCzwvX3eZmmatxngI0SjZ,1,2,3,2,3,1,3,1,1,1,1,1,1,3,1,1,1,3,1,1,3,3,1,1,-999,1,1,2,2,2,2,1,3,1,1,1,1,1,1,3,1,1,1,3,1,1,3,1,1,1,2,1,3,3,4,f,35,5,NA,3,NA,2,2.3333333333333335,1,1.5,2,-198.6,1.75,2,1,1.5,2,1.2,3.3333333333333335,cc,gb,mobility
iPtbRb4jQwh_36CAbeSZKKxZzFgH4xEETDjWhp5zaXt4kYnelfR-woaZpYry6NYK,1,2,3,2,4,1,4,2,2,3,1,4,4,2,1,3,2,4,4,2,2,4,4,4,4,4,2,2,3,2,3,2,3,3,3,4,4,4,4,3,5,4,4,4,3,4,6,2,1,1,2,1,4,4,3,f,35,-999,I work in nonprofit,4,NA,2,3,2.6666666666666665,2,3,4,2.25,2.6666666666666665,3.6666666666666665,4,4.25,1.4,3.6666666666666665,cb,gb,savings
ItptsCRuXGqq1oygOEhWoYY3RzYlksZfInncX6rAZGRwe4LAK6wA2f-PthNao_J6,3,4,3,4,3,1,3,3,2,3,2,3,3,2,2,2,2,3,2,3,2,4,-999,4,3,4,2,4,3,3,3,2,3,4,4,4,5,5,5,3,4,4,3,3,4,5,4,1,-999,1,1,1,4,4,4,f,16,1,NA,-999,portugal,3.5,2.3333333333333335,2.6666666666666665,2,2.5,-196.8,3,2.6666666666666665,4.5,3.5,4,-199,4,cb,gb,savings
ji98BKMFB6NLkUZjqeEiPYLlezBLBGQ1h1kCWJw8g6h_zS58nzMPUuyX0ciL3bMD,2,3,2,2,3,1,3,5,6,5,5,6,6,4,5,4,5,4,6,5,3,2,3,2,3,2,2,3,3,2,2,2,3,5,5,5,5,5,5,4,5,4,5,4,4,5,4,2,2,3,2,3,2,3,2,m,16,-999,Graduate ,1,NA,2.25,2.3333333333333335,5.5,4.5,4.5,2.4,2.5,2.3333333333333335,5,4.5,4.25,2.4,2.3333333333333335,gb,cc,mobility
jI9kph2aTwptQMTIrNrvk3bFSrkudjRjDjxsqhZiZqCqOo691X7cf2t0JtFv5UP1,3,4,3,4,3,2,3,2,2,2,2,2,2,2,2,3,3,3,3,3,3,2,1,2,3,2,3,2,2,3,3,2,3,3,3,3,3,3,3,4,3,4,3,3,4,3,3,1,1,1,1,1,4,4,3,f,35,1,NA,1,NA,3.5,2.6666666666666665,2,2.5,3,2,2.5,2.6666666666666665,3,3.5,3.25,1,3.6666666666666665,cc,gb,mobility
jlkCjbB_n_nQGWsWbp2ShmYvl9Kws2zYAFh7gvcz6OwK6PWtBUEVcoeej7FlqALE,4,3,3,4,2,2,2,5,5,5,4,4,4,5,5,4,4,4,3,4,5,3,3,4,1,-999,3,3,3,3,2,2,2,3,4,3,4,5,3,4,5,4,2,4,4,3,5,4,2,1,2,1,2,4,4,m,16,2,NA,1,NA,3.5,2,4.5,4.5,4,-197.6,3,2,3.6666666666666665,3.75,4,2,3.3333333333333335,cb,gb,mobility
Jsrup1dFMYt6rgWXo-Ic5QsN7e7mVFkqLqc_GO4QswBPv0Ee39IuRpKDSvar8FDn,1,2,3,2,4,1,4,1,1,1,1,1,1,2,1,1,2,1,1,1,1,3,3,3,2,-999,2,3,3,2,3,2,3,4,4,3,4,5,4,4,3,4,3,4,4,3,3,3,4,4,4,4,4,4,4,f,16,-999,Clinical Therapist,3,NA,2,3,1,1.5,1,-197.6,2.5,2.6666666666666665,4,3.5,3.5,3.8,4,cc,cb,savings
K42e4aL02Ez3_Mg56YroBNdCpD2_8_FYPDdo6QSEiYy2OeUB1E-3DBl4yKedvl47,1,1,2,2,3,2,3,2,2,2,2,2,2,3,3,3,3,3,3,3,4,2,3,-999,3,-999,1,1,2,3,3,2,3,2,3,2,2,3,3,3,4,4,3,3,3,3,4,4,4,4,4,4,4,4,4,f,16,-999,social worker,3,NA,1.5,2.6666666666666665,2,3,3.25,-398,1.75,2.6666666666666665,2.5,3.5,3.25,4,4,cc,cb,mobility
kNBl7B12qCPsw0hqXanAZUIdAltsk5EMlARE5CnRNzPvttuSlx86gat9fboZ-q48,1,3,2,4,3,1,4,1,1,1,1,1,1,1,1,1,1,1,1,2,4,3,4,4,3,4,1,4,2,4,3,2,3,1,1,1,1,1,1,2,2,2,1,2,3,2,1,1,1,1,3,1,4,4,4,m,35,3,NA,-999,Chile,2.5,2.6666666666666665,1,1,2,3.6,2.75,2.6666666666666665,1,1.75,2,1.4,4,cb,gb,savings
KNQ3ADpletOpp61puFAsDUprakUfagVxwgn_xbPw9kylV_nJD5pXrwNuTxxeMzVf,3,2,3,2,4,1,4,4,4,3,3,2,4,4,4,4,4,3,4,3,4,4,4,4,4,4,1,4,1,4,3,2,3,1,2,2,1,1,2,1,1,1,1,1,1,1,1,1,1,1,1,1,4,4,3,f,35,5,NA,3,NA,2.5,3,3.3333333333333335,4,3.5,4,2.5,2.6666666666666665,1.5,1,1,1,3.6666666666666665,cb,gb,savings
kPLnjq0TrFEkhFmMeFUcfxyLStM29HAW7o3AHG6bLyRS6r-BPxl4aFg40W066Pyj,1,2,3,3,3,2,3,1,2,1,1,2,2,2,2,3,2,4,3,2,4,3,-999,-999,-999,3,1,3,2,2,3,2,3,1,1,1,1,1,1,1,2,1,1,2,1,2,3,4,4,4,4,4,4,4,4,m,35,-999,Director in a non profit ,3,NA,2.25,2.6666666666666665,1.5,2.25,3.25,-598.2,2,2.6666666666666665,1,1.25,2,4,4,cc,cb,mobility
kq6OGYEQT0ZebtES84TY5krFMGS3yyJO5m7t69utng6YugmO38M30M9kNBQ-Hu27,2,4,3,3,3,1,4,2,2,2,1,2,2,3,3,3,3,4,3,1,3,1,4,1,3,1,2,3,3,3,3,2,4,3,3,3,3,3,2,2,3,4,2,2,2,3,3,4,4,4,4,4,4,4,3,m,16,-999,editor,-999,ITALY,3,2.6666666666666665,1.8333333333333333,3,2.75,2,2.75,3,2.8333333333333335,2.75,2.5,4,3.6666666666666665,gb,cb,mobility
kuWcZ4KXjz5IUhRJrpDJqN8-kbRTXAb0BryWJ3_b8ruz2rQIW365mxOjUfAiORTg,3,2,3,4,3,2,3,5,5,4,4,5,5,5,5,5,5,5,5,5,4,4,4,4,4,4,2,2,3,2,3,2,3,4,4,5,4,5,3,3,4,5,5,3,5,3,3,1,1,1,1,1,4,4,3,f,16,1,NA,3,NA,3,2.6666666666666665,4.666666666666667,5,4.75,4,2.25,2.6666666666666665,4.166666666666667,4.25,3.5,1,3.6666666666666665,cb,gb,mobility
kZ7Yvm33r_936iib2p0mk65bz2xCrCM0YIG5EdHHjEVW_WqomeGSjJ7O3ry-9XYp,3,2,2,3,3,1,3,4,4,3,6,3,5,4,4,5,3,3,6,5,3,1,1,1,1,1,2,3,2,3,3,3,3,2,3,3,3,4,2,3,3,3,4,5,3,4,3,3,-999,-999,3,-999,3,3,3,f,16,-999,NA,-999,Belgium,2.5,2.3333333333333335,4.166666666666667,4,4.25,1,2.5,3,2.8333333333333335,3.25,3.75,-598.2,3,gb,cc,savings
kZqU3Zu1e0KbR_cQ30VadxqJ50zvoh4sksfLHqEth3kQpd975AJXsaDHuklA5Vgp,2,2,2,4,2,2,2,4,3,4,5,5,5,5,5,5,6,5,5,5,6,1,1,1,1,1,1,1,1,2,4,1,4,1,2,1,2,2,2,2,2,2,1,2,2,2,3,4,4,4,4,4,4,4,4,f,16,-999,prolific,3,NA,2.5,2,4.333333333333333,5.25,5.25,1,1.25,3,1.6666666666666667,1.75,2.25,4,4,gb,cc,mobility
L0HjPq3-YznG8NmgMmFMf3j4CT8qIjfqsD8ml4oVmk4u6RN6cViFap33V6Hc9aob,3,2,3,3,4,1,4,1,2,1,2,2,1,1,1,2,1,2,2,1,2,3,3,3,3,3,3,2,2,3,2,2,2,7,7,5,7,6,6,6,6,4,6,6,5,5,6,1,1,1,1,1,4,4,4,m,16,5,NA,3,NA,2.75,3,1.5,1.25,1.75,3,2.5,2,6.333333333333333,5.5,5.5,1,4,cb,gb,mobility
L10Oyy8t4awENgfQM2g7_IP_YP0CUH4BTi0mKFZgOoGvvSsCA-Zzp7ziEjQHWBqL,2,2,3,2,3,3,3,3,3,2,4,2,2,3,3,3,3,3,3,4,4,1,-999,-999,1,-999,2,2,2,3,3,2,3,3,4,3,4,3,3,4,4,3,5,4,4,4,3,3,1,1,2,1,2,3,4,f,16,-999,Student MA,-999,Italy,2.25,3,2.6666666666666665,3,3.5,-599,2.25,2.6666666666666665,3.3333333333333335,4,3.75,1.6,3,cc,gb,mobility
LJ-9WVILecMAlzyknCIuCd0yTTKjaGhFS3_LSwSYnovEODxDNJNcuzGlbxkgz9P7,1,2,3,2,3,2,3,3,2,1,1,3,3,3,2,2,3,2,3,2,3,4,-999,-999,4,-999,2,3,3,3,3,2,3,3,4,3,5,4,3,4,4,2,2,3,2,2,3,1,1,1,1,1,4,4,4,m,16,-999,Content Creation for Communication / Translator,-999,Portugal,2,2.6666666666666665,2.1666666666666665,2.5,2.5,-597.8,2.75,2.6666666666666665,3.6666666666666665,3,2.5,1,4,cc,gb,savings
ljBQ7PNEfxli0VLNGcpptKnlZxTMUIgEAEHn0giDQcGJOlzVs6QDRWrEbICKIHH1,2,4,4,4,3,1,3,4,4,4,4,4,4,4,4,4,4,4,4,4,4,3,4,4,3,4,2,4,4,3,2,3,2,4,4,4,4,4,4,3,3,3,3,3,3,3,3,2,1,1,1,1,3,4,3,m,16,1,NA,3,NA,3.5,2.3333333333333335,4,4,4,3.6,3.25,2.3333333333333335,4,3,3,1.2,3.3333333333333335,cb,gb,savings
lJkXbczbZBX30zGIuiUZRZw7_GJlei53MlnXWT5xizXH_Gs2E2pDq7f71oUUNBt0,2,2,1,3,3,2,3,3,4,4,4,3,3,2,2,2,2,4,4,3,4,3,4,4,3,4,2,2,2,3,3,2,3,2,3,3,4,3,3,4,4,4,4,4,3,3,4,3,-999,-999,-999,-999,3,4,4,f,16,1,NA,-999,Netherlands,2,2.6666666666666665,3.5,2,3.75,3.6,2.25,2.6666666666666665,3,4,3.5,-798.6,3.6666666666666665,cb,cc,savings
lKwCLf47dsdDjVSrYC2-Oe21SyLFMGsqNcOB8zqCou_YHOLFIjxCIQXwR7f22fsP,3,2,1,2,3,1,3,2,2,1,1,2,2,3,3,3,3,1,2,3,3,2,4,-999,3,3,3,2,2,3,2,2,2,2,2,1,1,3,3,2,2,2,3,2,2,2,3,1,1,1,1,1,4,4,3,m,16,5,NA,3,NA,2,2.3333333333333335,1.6666666666666667,3,2.25,-197.4,2.5,2,2,2.25,2.25,1,3.6666666666666665,cc,gb,mobility
llYplysNR--7Y_jl9zFqMw1zF2yHhP1CpUxSWqHHw2IoB-_XLLw0ZIHKUAwHE0Hj,3,4,4,4,2,3,2,3,3,4,3,3,3,4,4,4,5,3,4,4,4,3,2,1,4,2,3,4,3,4,3,3,4,2,2,2,3,1,2,3,2,2,2,1,3,2,2,3,4,4,4,4,4,4,4,f,16,1,NA,3,NA,3.75,2.3333333333333335,3.1666666666666665,4.25,3.75,2.4,3.5,3.3333333333333335,2,2.25,2,3.8,4,gb,cb,mobility
LM6nW0z1skfQGtAS-qiotzAtMAxLfxut9mBVHsbjeEmHJXB42Fc4KpWqQLK67LmO,2,3,3,3,3,2,3,3,3,2,2,4,2,3,3,3,3,3,2,3,2,3,4,4,2,3,3,3,3,3,2,3,2,5,4,3,5,4,4,5,5,4,4,5,4,4,4,1,1,1,1,1,4,4,4,f,16,-999,Optical Technician,-999,Portugal,2.75,2.6666666666666665,2.6666666666666665,3,2.5,3.2,3,2.3333333333333335,4.166666666666667,4.5,4.25,1,4,cb,gb,savings
LyYXTUM0bHu-2-NCmYVi4HrdrF6QndCwddHmXzUlIZ0JB8CoQBiqN3BhjFeeBJzs,3,4,3,3,2,3,2,5,4,5,5,5,5,4,4,5,5,5,6,5,5,-999,4,4,4,4,3,2,2,2,2,2,3,1,3,2,2,1,3,2,2,2,3,3,2,2,3,1,1,1,1,1,3,3,2,f,16,-999,Therapist,1,NA,3.25,2.3333333333333335,4.833333333333333,4.5,5.25,-196.6,2.25,2.3333333333333335,2,2.25,2.5,1,2.6666666666666665,cb,gb,savings
m_iXWy7_jsDPDQbsF70PQPe3cYzpaqm8ReYe1Mhxj69WQ9IzHjsmZcUcGlSuz4bj,2,2,2,3,2,3,3,1,1,1,1,1,1,2,2,3,2,3,2,2,2,3,-999,3,3,-999,2,2,2,3,3,3,3,2,1,1,1,2,1,2,2,2,2,3,2,2,2,4,4,4,4,4,4,4,4,f,16,-999,Non academic,1,NA,2.25,2.6666666666666665,1,2.25,2.25,-397.8,2.25,3,1.3333333333333333,2,2.25,4,4,cc,cb,mobility
m0MM-ck6cMttf-3e41hmXrqyBh_JmtZON8w74rEfJNjwZUDoKBdiKCEWOw845urw,1,2,3,3,4,1,4,2,2,1,2,3,2,3,2,1,2,2,2,2,2,4,-999,-999,-999,-999,2,3,2,4,2,2,3,4,4,4,3,5,4,4,4,4,4,4,4,3,5,1,1,1,-999,1,3,4,4,f,16,-999,Student,3,NA,2.25,3,2,2,2,-798.4,2.75,2.3333333333333335,4,4,4,-199,3.6666666666666665,cc,gb,savings
M1Zzl25fZ0GTIEz_V49f1EIHH0LW22qoirNCAXGSFOvhB4_Qp2M2xVAZMmFLgPs0,1,3,2,3,4,1,4,1,1,1,1,1,1,1,1,1,1,1,1,1,1,3,4,4,4,4,2,2,2,2,2,2,2,6,5,5,4,5,5,1,1,1,1,2,1,4,1,1,1,1,1,1,4,4,3,f,16,1,NA,3,NA,2.25,3,1,1,1,3.8,2,2,5,1,2,1,3.6666666666666665,cb,gb,savings
m7Uih-tpVbPvrxuGnnBvGNhZhdEEkyZ1mU91rxs4f16hIutwNBEnIxGGrGYnCkSt,1,2,3,3,2,1,3,1,1,1,1,1,1,1,1,1,1,1,1,1,1,3,4,1,2,-999,3,2,2,3,3,3,2,4,3,4,4,4,4,5,5,5,4,3,5,6,5,2,3,1,2,1,4,2,2,m,16,1,NA,1,NA,2.25,2,1,1,1,-197.8,2.5,2.6666666666666665,3.8333333333333335,4.75,4.75,1.8,2.6666666666666665,cb,cc,savings
mAMZMRdmG21PC7HIJpNF3ujz24qQQQKrji9HkzYFmQdju0R0asvZQAZx9qjDYMsH,3,4,1,4,4,1,4,2,2,1,2,3,3,2,1,3,2,4,2,2,3,4,4,4,4,4,4,4,2,4,2,2,2,3,2,3,3,5,4,3,4,3,3,3,3,2,3,1,1,1,1,1,4,4,4,f,16,-999,Care assistant,1,NA,3,3,2.1666666666666665,2,2.75,4,3.5,2,3.3333333333333335,3.25,2.75,1,4,cb,gb,savings
mGsFQdYZmykDNSHoA2o3RCqpul2zQh4rkPuk_IvIEoTXEhta-w00I_SVnn7p3dUs,2,3,3,3,2,2,2,4,3,3,3,3,3,2,3,3,4,3,3,3,3,2,1,3,2,2,3,3,3,2,3,2,3,4,3,5,4,5,4,3,5,4,4,4,4,5,5,4,3,2,3,2,3,4,3,m,16,1,NA,1,NA,2.75,2,3.1666666666666665,3,3,2,2.75,2.6666666666666665,4.166666666666667,4,4.5,2.8,3.3333333333333335,cc,cb,mobility
mkQzp3pAq9P95_uwtDXUHUMK_KpYNe7u8M-o4wf7YcsR-Tx2ijy5tK_ruhGEcV7o,2,4,4,4,3,2,3,6,4,5,6,6,5,4,4,4,4,4,5,5,6,2,-999,-999,1,1,2,4,4,4,2,3,2,6,5,7,7,6,6,7,6,6,5,5,7,7,6,1,1,1,1,1,4,4,3,f,35,-999,Assistant Educational Psychologist ,1,NA,3.5,2.6666666666666665,5.333333333333333,4,5,-398.8,3.5,2.3333333333333335,6.166666666666667,6,6.25,1,3.6666666666666665,cc,gb,savings
MkXt3JOunOkRP9zn1NJoGGptjTBI-qu7ThAMa5E-qnQatemgNsgeafb5DN_qjSoc,2,2,2,2,3,2,3,3,2,2,2,3,2,2,3,3,3,3,3,2,2,3,3,4,3,3,1,3,1,2,3,2,2,3,2,1,2,2,2,2,2,3,2,3,3,2,3,3,2,2,2,2,4,4,4,m,16,-999,Behavior Analyst,3,NA,2,2.6666666666666665,2.3333333333333335,2.75,2.5,3.2,1.75,2.3333333333333335,2,2.25,2.75,2.2,4,cb,cc,mobility
mrBnaxjokD5XSTK5_CAlGjyRCpur6li6gPllx5fpJ4V5dz0oCnW-UzNsv5EQuRtb,2,3,1,3,4,2,4,3,2,1,2,2,2,4,2,3,3,2,2,2,2,4,-999,4,-999,-999,1,3,2,3,3,1,3,2,3,1,2,2,2,2,2,3,2,2,2,3,2,-999,-999,-999,-999,-999,4,4,4,f,35,1,NA,3,NA,2.25,3.3333333333333335,2,3,2,-597.8,2.25,2.3333333333333335,2,2.25,2.25,-999,4,cb,cc,savings
mtqhZFHhHs65rAVm6xYYYXntvKINs5iIeUxVbKow-zU-a5629VbtOsFm0NVg5t0m,1,2,1,3,3,2,3,2,2,2,2,4,2,4,4,4,4,3,3,2,4,2,3,2,-999,3,2,2,2,2,4,1,4,4,4,4,4,3,4,4,5,5,4,4,5,5,4,2,3,1,3,3,4,4,4,f,16,1,NA,3,NA,1.75,2.6666666666666665,2.3333333333333335,4,3,-197.8,2,3,3.8333333333333335,4.5,4.5,2.4,4,cc,gb,mobility
MZqkR2oQMQr4xJxzvINlgfY4xSA4dlTuvve828KfNUHv0IHhWnrPMz8NsJ7d_O1k,3,2,3,2,4,1,3,1,1,1,2,2,2,1,1,2,2,2,1,1,2,1,4,4,1,4,1,1,4,2,3,2,4,1,1,1,1,1,1,1,1,1,1,1,1,1,1,3,2,-999,3,-999,4,2,4,f,16,1,NA,3,NA,2.5,2.6666666666666665,1.5,1.5,1.5,2.8,2,3,1,1,1,-398,3.3333333333333335,cb,cc,mobility
n2BzCH6OATiiMjhOFRp1YqDbFLCjIcl4ItxZ5Ah3JeuBeDyei-VGh0gdh5ypPhjn,1,2,1,2,4,1,4,1,2,1,1,2,1,1,1,1,1,3,1,2,1,4,4,4,4,4,2,2,1,2,3,2,4,1,1,1,1,1,1,1,2,1,2,1,1,3,1,3,1,1,2,1,3,3,4,f,16,-999,Undergraduate Research Assistant,3,NA,1.5,3,1.3333333333333333,1,1.75,4,1.75,3,1,1.5,1.5,1.6,3.3333333333333335,cb,gb,savings
n2NUsoX6D_sc0902eo9Sazly3cyRAOZW7TJBAxy02nIPS5LWW-8hrx5DrbZt0wKN,2,3,3,4,2,3,2,1,1,1,1,1,1,1,1,2,1,1,1,1,1,4,4,4,4,4,2,4,3,4,3,2,3,3,2,2,3,2,1,1,3,1,2,2,3,2,2,1,3,1,1,1,4,4,4,m,16,2,NA,4,NA,3,2.3333333333333335,1,1.25,1,4,3.25,2.6666666666666665,2.1666666666666665,1.75,2.25,1.4,4,cb,gb,mobility
N52y5k5P3OPbUvsQpO8CDybYK2oCSEcJw5F_v5MdE-sBoYSrXdI1jgSBxPYJOt_6,2,3,2,4,3,2,3,1,2,1,1,1,1,1,1,1,1,3,1,1,1,4,4,4,4,4,1,2,2,2,3,1,4,3,2,2,4,3,4,3,4,4,4,4,4,4,3,1,1,1,1,1,4,4,4,f,16,-999,Teacher,3,NA,2.75,2.6666666666666665,1.1666666666666667,1,1.5,4,1.75,2.6666666666666665,3,3.75,3.75,1,4,cb,gb,mobility
nFYIvGa-qaBFmSPNd0o3HCwJQxsWrXB9753SrNFjShTjrAAq172-3pONaxjGPZul,2,1,1,1,4,1,4,1,1,1,1,1,1,1,1,2,2,1,1,1,1,4,4,4,4,4,3,1,1,1,3,1,3,2,1,1,2,2,2,2,2,2,1,1,2,2,2,2,2,1,2,2,4,4,4,f,16,1,NA,1,NA,1.25,3,1,1.5,1,4,1.5,2.3333333333333335,1.6666666666666667,1.75,1.75,1.8,4,cb,gb,savings
Nh-TpczuFkrArKh7QGoxGaibQjyOEeCiRjQlyRyBI7t2eF0rmruuqOHee0V6zYQ0,2,4,1,2,2,3,2,3,3,1,6,5,5,2,2,4,2,2,2,4,4,-999,-999,-999,-999,-999,2,3,2,3,2,3,2,3,3,4,4,5,3,3,3,3,5,5,4,4,4,-999,4,4,-999,4,3,4,3,f,16,1,NA,1,NA,2.25,2.3333333333333335,3.8333333333333335,2.5,3,-999,2.5,2.3333333333333335,3.6666666666666665,3.5,4.25,-397.2,3.3333333333333335,gb,cb,mobility
NHtK30OCgnDWkfCVir6Me3R0M5p_c2B2JymR6haQ1p4fpzjqtRyJ7ALqTD92KnBG,1,2,2,2,3,1,3,1,1,1,1,1,1,2,2,2,2,2,2,2,1,2,-999,-999,-999,-999,3,3,4,3,2,2,2,2,1,2,2,2,3,2,2,3,2,2,2,2,3,3,4,4,4,4,4,4,2,m,16,1,NA,3,NA,1.75,2.3333333333333335,1,2,1.75,-798.8,3.25,2,2,2.25,2.25,3.8,3.3333333333333335,cc,cb,savings
nnI_4IShsZO_yPATa2VORTJ1WW0swmfl0lYb5JGpaRDjaKSGdTm0jha_G9JwGkIi,2,3,4,2,3,1,3,3,2,2,1,2,2,4,2,4,4,5,5,4,4,1,1,1,2,1,1,1,2,2,4,1,4,2,1,1,1,2,3,2,1,2,1,1,1,2,1,1,1,1,1,1,4,4,4,m,16,-999,Research,3,NA,2.75,2.3333333333333335,2,3.5,4.5,1.2,1.5,3,1.6666666666666667,1.5,1.25,1,4,cc,gb,mobility
NOBpIkeR0GGjGyI899XRhNnPWos1FU6WwzJcAbbPbV7BT-gKOlsPsnLuObafZ9i3,3,4,3,4,4,2,4,2,3,2,3,6,5,3,2,4,2,1,1,2,4,1,1,1,1,1,1,2,2,1,4,1,4,1,1,1,1,1,1,1,1,1,1,1,1,1,1,4,4,4,4,4,4,4,4,f,50,-999,Reader,3,NA,3.5,3.3333333333333335,3.5,2.75,2,1,1.5,3,1,1,1,4,4,gb,cb,savings
NoWDGfI54uNLoqoyrJeOUtZysPiNVm2gY3Itb-1-dAIVCqOIE8JHhTRcBSRIMzsh,2,3,2,3,3,2,3,4,2,2,3,3,3,3,4,4,3,4,4,3,4,2,2,1,2,1,2,2,3,2,2,2,3,3,4,3,2,3,3,3,3,3,3,3,3,2,3,3,3,4,4,4,4,3,4,m,16,5,NA,3,NA,2.5,2.6666666666666665,2.8333333333333335,3.5,3.75,1.6,2.25,2.3333333333333335,3,3,2.75,3.6,3.6666666666666665,gb,cb,mobility
nZ7Vn9W6VN7FovBNQkturh7Dphyr-wvuUkowFaSOrknHrB2IdkTfJaGPmaildkph,1,1,1,2,3,1,3,2,2,2,1,3,1,2,1,3,1,3,2,2,4,3,4,4,3,4,2,2,1,2,2,3,2,1,1,1,1,1,2,2,1,4,2,4,1,4,4,2,-999,2,-999,-999,3,4,3,m,16,2,NA,-999,Italy,1.25,2.3333333333333335,1.8333333333333333,1.75,2.75,3.6,1.75,2.3333333333333335,1.1666666666666667,2.25,3.25,-598.6,3.3333333333333335,cb,cc,savings
O_N7_Ft8Eh3QEAHOCQ5QLIA6638tsZ7aEI73NMmo2asTn53VWivIQfFfNn8wUYlP,1,2,3,1,4,1,4,2,2,2,2,2,2,2,2,2,2,2,3,2,2,3,4,4,3,4,3,3,2,3,2,3,2,5,4,4,5,4,4,4,5,5,5,5,6,4,3,2,1,1,1,1,4,4,4,f,16,-999,human resources,-999,portugal,1.75,3,2,2,2.25,3.6,2.75,2.3333333333333335,4.333333333333333,4.75,4.5,1.2,4,cb,gb,savings
O11kTe1TdauQdQalMZe6E4W14wwROV5MwBXCCPcAXtjR8ymJ0IZRft5wkRdQaW9W,2,2,2,4,3,1,3,1,2,2,2,2,2,3,2,4,3,4,3,4,4,4,4,4,4,4,1,2,2,2,3,2,4,1,1,1,1,2,1,2,2,4,1,4,4,2,2,3,1,1,2,2,2,4,3,f,16,-999,Sr. Specialist,3,NA,2.5,2.3333333333333335,1.8333333333333333,3,3.75,4,1.75,3,1.1666666666666667,2.25,3,1.8,3,cb,cc,mobility
OAXo0pgyAjtiiPVhPgg9CWCACy0HJw8wlWqqZn-J8vw27ld9KlhTi1N10nUz7v5b,3,2,2,2,3,2,3,2,2,1,2,3,2,2,2,4,4,4,2,4,3,-999,-999,-999,-999,-999,3,2,3,3,2,3,2,2,3,3,3,3,2,2,2,4,4,4,4,3,4,-999,-999,1,2,1,3,3,4,f,16,2,NA,1,NA,2.25,2.6666666666666665,2,3,3.25,-999,2.75,2.3333333333333335,2.6666666666666665,3,3.75,-398.8,3.3333333333333335,cc,gb,mobility
oBxlSfb8ybgq0plU22l1sydpdB9QNPr6wwWINaMyjEx4oXC-BKmOOEzw47mkmTum,2,2,2,3,3,2,3,3,3,2,3,4,2,2,3,3,3,3,3,3,3,1,1,1,1,1,3,3,2,3,3,2,3,4,4,4,4,4,5,3,3,2,3,3,3,3,3,4,4,4,4,4,4,4,4,f,16,5,NA,3,NA,2.25,2.6666666666666665,2.8333333333333335,2.75,3,1,2.75,2.6666666666666665,4.166666666666667,2.75,3,4,4,gb,cb,mobility
oga_WeJde-u88YqjwAjDpCDAbYOcThd-Q1ye38wdN3GKq617suUB_0s56FQs4OX-,4,4,4,4,3,2,3,2,2,2,2,2,4,2,4,4,5,2,4,2,2,1,1,1,1,1,1,3,1,3,4,1,4,1,1,1,1,1,1,1,1,1,1,1,1,1,1,4,4,4,4,4,4,4,4,f,16,5,NA,4,NA,4,2.6666666666666665,2.3333333333333335,3.75,2.5,1,2,3,1,1,1,4,4,gb,cc,mobility
OGJC_L0-iTuEnL9pdvkIwrX7FENtLOfksdRfG-9Yi0HgBXv5T20rtLr3ucBAt09m,2,2,1,3,2,2,3,5,3,3,3,6,5,5,3,4,3,4,5,3,4,4,2,1,2,1,2,4,2,4,3,2,3,2,2,2,2,3,2,3,2,3,3,4,2,3,4,3,3,4,4,4,3,4,4,f,16,1,NA,-999,israel,2,2.3333333333333335,4.166666666666667,3.75,4,2,3,2.6666666666666665,2.1666666666666665,2.75,3.25,3.6,3.6666666666666665,gb,cb,savings
Omdo4YkaFipQu1HCJ-tLclmgNwVD1GTkeKuPgtm27gddUZ4XKP6jR9p0hxcndNbQ,2,2,2,4,4,1,3,4,2,2,2,4,2,2,2,4,4,2,2,4,2,4,4,4,4,4,4,3,4,4,4,1,3,2,4,4,4,5,4,4,4,4,4,4,7,6,4,1,1,1,1,1,4,4,4,m,50,-999,Researcher,1,NA,2.5,2.6666666666666665,2.6666666666666665,3,2.5,4,3.75,2.6666666666666665,3.8333333333333335,4,5.25,1,4,cb,gb,savings
ORC98c_3yfAmAXT67E5SaMXdSJUVZqChh0DXK2NgcKBiOjdLtc1NpNb_8G3q3ICY,4,4,4,4,1,4,1,1,1,1,1,1,1,3,3,4,4,1,4,5,4,4,4,4,4,4,4,4,4,4,1,1,1,3,2,4,5,5,4,3,5,2,5,3,2,2,5,1,1,4,1,4,4,1,4,f,50,5,NA,1,NA,4,2,1,3.5,3.5,4,4,1,3.8333333333333335,3.75,3,2.2,3,cc,cb,mobility
OXRxDJspBx3HDHzQWCyEKwsaL-P4Rsqc9bNeyh83n5QF7ExF7XLpmBW7FwVSBMB-,4,2,4,3,2,2,1,1,1,1,1,1,1,1,1,1,1,1,1,1,1,-999,-999,-999,-999,-999,4,2,4,2,2,1,4,1,1,1,1,1,1,1,1,1,1,1,1,1,1,4,4,4,4,4,4,4,4,f,16,1,NA,1,NA,3.25,1.6666666666666667,1,1,1,-999,3,2.3333333333333335,1,1,1,4,4,cc,cb,mobility
OznSZaY4ciH30IEKuwaYLPfWCY-CX0p81u0ZUJ5g13AP9c2M-gScAY5WYzenTMEQ,2,2,2,3,4,1,4,5,3,2,7,5,5,5,6,5,5,4,5,6,4,1,1,1,1,1,2,3,2,3,3,2,3,4,2,3,4,4,3,4,4,4,4,4,4,4,4,1,1,-999,1,1,3,4,3,f,16,5,NA,-999,France,2.25,3,4.5,5.25,4.75,1,2.5,2.6666666666666665,3.3333333333333335,4,4,-199,3.3333333333333335,gb,cc,savings
oZuvp-GQ0oCwE4Mi-VTPqeb5cb7iI58fSupYX2Elckz6eSFbEWSeFfW5umWlla3P,2,3,2,3,3,2,3,2,1,1,1,2,1,2,1,2,2,4,2,2,2,-999,-999,-999,2,-999,2,3,2,3,2,3,3,2,1,1,2,1,1,2,2,2,2,2,1,2,2,2,2,1,-999,1,3,4,2,m,16,2,NA,3,NA,2.5,2.6666666666666665,1.3333333333333333,1.75,2.5,-798.8,2.5,2.6666666666666665,1.3333333333333333,2,1.75,-198.6,3,cc,gb,savings
Pc6ozNaaLAd3cRxVHDcNPwnC-thQ0E4A9tzEOYTH_hYrg2OZTjKAfRN35Q2AjxRO,1,1,1,1,3,1,3,1,1,1,1,1,1,1,1,1,1,2,2,1,1,4,4,4,4,4,3,2,2,2,2,3,2,4,3,3,4,4,5,4,5,4,5,4,5,5,5,1,1,1,1,1,4,4,4,f,16,1,NA,-999,Austria,1,2.3333333333333335,1,1,1.5,4,2.25,2.3333333333333335,3.8333333333333335,4.5,4.75,1,4,cb,gb,savings
PjwLhS-Tucy1t61NBcIR_l2CW4Um6QiHkDpC2M9m32SgPEXctfJPmpqDCdn1W0OV,3,4,2,3,3,1,3,3,4,3,4,6,3,4,5,4,5,5,7,7,6,1,1,1,2,1,4,1,3,3,2,2,3,2,3,3,3,3,2,3,2,4,3,3,3,3,2,-999,-999,-999,-999,-999,2,4,4,f,16,-999,NA,-999,NA,3,2.3333333333333335,3.8333333333333335,4.5,6.25,1.2,2.75,2.3333333333333335,2.6666666666666665,3,2.75,-999,3.3333333333333335,gb,cc,savings
PT3djJlEFHIMTcuOTmoDSUl-5DvwIr-56jbKKLeJ00skWQ7mOHGsF_SWEhqM8JhD,3,4,3,3,1,3,2,5,3,2,5,5,3,2,2,6,5,4,4,3,6,-999,-999,4,-999,4,1,3,2,3,3,2,3,5,2,2,2,3,4,3,3,4,4,4,3,3,3,1,1,1,1,1,4,4,4,f,16,-999,social worker,-999,Czech Republic,3.25,2,3.8333333333333335,3.75,4.25,-597.8,2.25,2.6666666666666665,3,3.5,3.25,1,4,cc,gb,savings
PtuoIZx7zOPE8cVNZnryKrqcmL4YVDxkqIioqSv92ssfRGFeJrAyojaZLaC3agrt,1,2,1,2,3,1,4,2,1,2,1,4,2,1,1,2,1,1,1,1,1,4,4,4,4,4,3,3,2,3,2,3,2,5,4,3,4,4,5,4,6,5,6,5,6,7,3,1,1,1,1,1,2,4,4,f,35,-999,Public Health Educator,3,NA,1.5,2.6666666666666665,2,1.25,1,4,2.75,2.3333333333333335,4.166666666666667,5.25,5.25,1,3.3333333333333335,cb,gb,savings
pWm9waNPeq64CSLRTqWErHI0Ex-vHAMYZpxEJ8Pr1uhPdQ4onJVXPN7gBQv_OJVx,1,4,1,4,4,1,4,2,4,2,4,2,2,4,4,2,4,4,4,4,4,1,1,1,1,1,3,3,2,3,3,3,3,2,1,2,2,1,2,1,2,2,2,2,1,2,2,-999,-999,-999,-999,-999,4,4,4,f,16,-999,College student,-999,Mexico,2.5,3,2.6666666666666665,3.5,4,1,2.75,3,1.6666666666666667,1.75,1.75,-999,4,gb,cc,mobility
pYVtLbfJDSVusF0bKZXSr-ogh32whqsxlBnoix7JkWbB031Lxk7jHxZD2b762IEy,3,3,3,3,2,3,2,5,2,2,3,6,6,2,3,5,4,3,3,4,4,-999,-999,-999,-999,-999,2,3,2,2,3,2,3,2,2,2,2,2,2,2,2,2,2,2,2,2,2,3,1,1,1,1,4,3,1,f,16,-999,Occupational therapist,-999,New Zealand,3,2.3333333333333335,4,3.5,3.5,-999,2.25,2.6666666666666665,2,2,2,1.4,2.6666666666666665,cc,gb,mobility
PzNYEW4Twfc1XNuCAm7n5OZGrrxRy6SXmnr6ecFDgJWtmQ2a3-KekilE9ZwaBbuo,1,3,2,4,3,2,3,2,3,3,3,3,3,2,3,2,3,3,3,2,3,4,4,4,4,4,3,3,4,3,3,2,3,2,2,2,2,2,3,2,2,2,2,1,2,2,2,4,-999,-999,4,-999,4,4,4,f,35,-999,NA,1,NA,2.5,2.6666666666666665,2.8333333333333335,2.5,2.75,4,3.25,2.6666666666666665,2.1666666666666665,2,1.75,-597.8,4,cb,cc,savings
q_AEN2eOFsf4MW0wHWmoAS7OuHfkkeuleXkfLsFjnKjw6kzI-Dhgwo0m3Z7TftAH,2,3,2,3,3,2,3,2,2,2,2,2,2,2,2,2,2,2,2,1,2,2,-999,-999,3,-999,3,3,2,3,3,2,3,3,4,4,4,4,4,4,4,4,3,4,4,4,4,3,4,4,4,4,4,4,2,m,35,-999,Assistant Autism in Adults,1,NA,2.5,2.6666666666666665,2,2,1.75,-598.4,2.75,2.6666666666666665,3.8333333333333335,3.75,4,3.8,3.3333333333333335,cc,cb,savings
q0zpM3iMPNvYct40w0nVnoF9Yspj0rkJjvXR2GBSQGK0jGjIevdtNyZVZbkaXPH2,1,4,3,2,2,1,4,4,2,2,2,2,3,4,4,3,3,3,3,4,2,-999,-999,-999,2,-999,3,2,1,1,4,1,4,1,1,1,1,1,1,2,2,1,2,1,1,1,1,4,4,4,4,4,4,2,4,m,16,1,NA,-999,Greece,2.5,2.3333333333333335,2.5,3.5,3,-798.8,1.75,3,1,1.75,1,4,3.3333333333333335,cc,cb,mobility
qbNDsPcohvLDNSJ_TQdpi2HXNt5b7HIxCxdqPVOLFDvGrcnuoMDxmgllUZXZ6tWQ,2,3,3,3,2,3,2,3,3,3,3,5,4,2,2,4,5,3,4,4,4,3,4,4,3,2,2,4,4,3,2,3,1,3,3,2,5,4,3,5,4,2,5,5,4,4,3,2,1,1,3,3,4,4,4,m,16,-999,Social Worker,-999,Italy,2.75,2.3333333333333335,3.5,3.25,3.75,3.2,3.25,2,3.3333333333333335,4,4,2,4,cb,gb,mobility
QKHv7NKLwWA_GQ5Lo2JENBZ0XWpmefUv4k8Hx8nIcX-UN9uMbAd26ugmBdGcBlPV,2,2,2,2,2,3,3,1,1,3,3,2,2,2,1,2,2,2,2,2,2,3,4,4,3,4,2,1,2,2,3,2,3,2,2,3,2,2,2,2,2,2,2,2,2,2,3,-999,-999,-999,-999,-999,2,1,2,m,16,1,NA,3,NA,2,2.6666666666666665,2,1.75,2,3.6,1.75,2.6666666666666665,2.1666666666666665,2,2.25,-999,1.6666666666666667,cb,cc,mobility
qmFiTNPhahhII1ZGB7riIwY4juNKq7b0Z0JPVLX8KYibspuYBKRri-m2GClNgw_u,1,3,2,3,3,2,3,2,2,3,2,4,2,2,2,4,4,3,3,2,2,4,4,4,4,4,1,3,2,1,2,2,2,3,3,4,3,4,3,3,3,4,4,3,3,3,3,1,1,1,1,1,4,4,3,f,16,1,NA,-999,Portugal,2.25,2.6666666666666665,2.5,3,2.5,4,1.75,2,3.3333333333333335,3.5,3,1,3.6666666666666665,cb,gb,savings
QmHCZtUdL9RU_oO2OaLe5TziurwvfDevGSJ9CH9fFpaoThxQBx-u-DfNGW1CzjHk,2,4,2,4,3,2,3,2,1,3,1,4,2,2,1,4,2,2,2,1,3,4,4,4,4,4,2,3,2,4,3,2,3,2,1,1,1,2,2,3,3,2,2,2,2,2,4,2,2,2,2,1,4,4,3,f,50,-999,Executive Director: Workforce Development,3,NA,3,2.6666666666666665,2.1666666666666665,2.25,2,4,2.75,2.6666666666666665,1.5,2.5,2.5,1.8,3.6666666666666665,cb,cc,mobility
qOcEDY4pBkdigCgT1J2mOHCzhJWywNwBTzvibXQop4F6-DXM4mGJZNlKBX5noo1e,1,2,2,2,3,2,3,2,2,3,2,3,4,3,3,4,2,4,3,4,3,4,4,4,4,4,2,2,3,2,3,3,3,2,2,4,2,2,2,4,4,2,3,4,4,2,2,-999,-999,-999,-999,-999,4,4,4,m,16,1,NA,-999,Spain,1.75,2.6666666666666665,2.6666666666666665,3,3.5,4,2.25,3,2.3333333333333335,3.25,3,-999,4,cb,cc,savings
qPAN_5ay50-Clay1OPK-1hA88CO8iz2N_W36bhv2NtlBmbDUaEztSuVntY9zSABS,3,2,2,4,3,2,3,2,3,3,2,2,2,4,2,2,3,3,3,2,3,2,4,4,4,4,3,3,3,4,2,3,2,2,2,2,3,2,2,3,2,3,3,4,3,3,2,1,1,1,1,1,4,4,2,f,16,1,NA,1,NA,2.75,2.6666666666666665,2.3333333333333335,2.75,2.75,3.6,3.25,2.3333333333333335,2.1666666666666665,2.75,3,1,3.3333333333333335,cb,gb,savings
qPysCuI9-iLm0llM13aXeTw4RPMNpeWoUHYbY89kB_rK8PfkOETByBatllNrWAom,1,1,2,2,4,3,3,4,5,1,1,5,2,1,1,4,6,1,1,3,2,4,3,4,2,4,2,1,3,3,4,4,4,4,3,2,1,2,1,2,2,2,2,5,3,2,2,3,2,2,3,2,2,4,4,m,16,1,NA,-999,Poland,1.5,3.3333333333333335,3,3,1.75,3.4,2.25,4,2.1666666666666665,2,3,2.4,3.3333333333333335,cb,cc,savings
qQqFCy7v_L66Pw8FUPt7F-IQufCk0mgM5IUVNeZ2zXZgKWqdvjfqydewLUvAylO5,4,4,2,4,1,4,1,2,3,3,3,7,3,2,4,5,4,4,4,6,4,4,4,4,2,4,1,2,1,3,3,2,3,3,3,2,3,5,4,2,3,3,4,4,2,2,4,1,1,1,4,1,4,4,2,f,50,1,NA,3,NA,3.5,2,3.5,3.75,4.5,3.6,1.75,2.6666666666666665,3.3333333333333335,3,3,1.6,3.3333333333333335,cb,gb,mobility
QuCCvm5FAU90Hqm9LkVzg_HCwOK5FSJUw6D4Z39JBSrSDRVAGVofsxL0567EzN4d,3,3,1,4,3,2,3,3,2,2,2,5,3,2,6,3,3,4,6,5,3,1,1,1,1,1,2,2,3,2,4,1,4,2,2,2,1,2,2,2,1,2,2,1,1,1,1,4,4,4,4,4,3,4,4,f,16,-999,NA,3,NA,2.75,2.6666666666666665,2.8333333333333335,3.5,4.5,1,2.25,3,1.8333333333333333,1.75,1,4,3.6666666666666665,gb,cb,mobility
qYI9QTA91vmODvJNDe8_ygA7zYbFfzJlBNGz0PsfU_5_Rrt7qR1g1qBaA-2-FlBV,2,2,1,2,3,2,3,2,2,2,2,4,3,2,1,3,2,2,1,2,2,3,-999,3,3,3,1,2,1,2,4,1,3,3,2,3,2,3,3,3,3,2,2,3,2,2,3,2,1,1,1,2,4,4,4,m,16,-999,Data Analyst,3,NA,1.75,2.6666666666666665,2.5,2,1.75,-197.4,1.5,2.6666666666666665,2.6666666666666665,2.5,2.5,1.4,4,cc,gb,mobility
R_0-AWANe3h4nSQ1FK7kda2X9NT5KeTOFZhQrr6SBCBs5EGuRnAvdgVpInmxHiNZ,2,2,2,2,3,2,3,1,1,1,1,2,2,2,2,3,2,2,2,2,2,4,4,3,4,3,2,2,2,2,4,1,4,1,1,1,1,1,1,1,2,1,2,2,1,2,2,4,4,4,4,4,4,4,3,f,16,1,NA,3,NA,2,2.6666666666666665,1.3333333333333333,2.25,2,3.6,2,3,1,1.5,1.75,4,3.6666666666666665,cc,cb,mobility
R-12LLTipT6imsFt9L05Df4diBVz3ClRg6J-4klZkZJHJucxKJ6pCHbROtpNfN7K,3,3,4,4,3,1,3,2,1,2,3,3,4,3,2,4,4,4,4,4,3,-999,-999,-999,1,-999,3,3,4,4,2,1,2,4,2,2,3,5,4,4,3,3,3,4,4,4,3,1,2,2,1,2,2,3,4,m,16,1,NA,-999,The Netherlands,3.5,2.3333333333333335,2.5,3.25,3.75,-799,3.5,1.6666666666666667,3.3333333333333335,3.25,3.75,1.6,3,cc,gb,savings
r35U9juRG4DbaEEWxkuE2z6tEWUaHazBMXreX58BFNwZ0joOJhEzesBUKjRzU1wJ,1,1,1,1,2,2,2,1,1,1,2,4,1,4,1,2,1,2,1,3,4,4,4,4,4,4,1,1,1,2,4,1,4,1,1,1,1,1,1,1,1,3,1,2,1,1,1,1,1,1,1,1,4,4,3,m,35,1,NA,3,NA,1,2,1.6666666666666667,2,2.5,4,1.25,3,1,1.5,1.25,1,3.6666666666666665,cb,gb,mobility
rAo63zKbBHJtvo5hzTCoN0_nPWTZhgWFNKVBBAmuRh3mZlNod235QivZCebW0iwr,3,3,2,3,3,3,2,3,4,3,3,4,4,3,3,4,4,3,4,4,4,2,2,3,2,3,3,2,2,3,3,3,2,4,4,4,4,4,4,4,4,4,4,4,4,4,4,-999,-999,-999,-999,-999,2,3,2,f,16,-999,Admin Assitant,3,NA,2.75,2.6666666666666665,3.5,3.5,3.75,2.4,2.5,2.6666666666666665,4,4,4,-999,2.3333333333333335,gb,cc,mobility
RddHBcG6CScti1_L-vFNFHfnKwSyF-gpXgNpWZxZsVdYKT5Pwybk6dyQN0bpDSEL,2,3,3,3,2,2,2,3,3,4,4,3,3,5,5,5,5,5,5,5,3,1,1,1,1,1,2,2,1,2,4,1,3,4,2,3,3,2,4,4,1,3,3,2,1,3,4,3,-999,-999,-999,-999,4,4,4,f,16,-999,Psychologist,-999,Netherlands,2.75,2,3.3333333333333335,5,4.5,1,1.75,2.6666666666666665,3,2.75,2.5,-798.6,4,gb,cc,mobility
RkUIyc8EEEQdl2tQen0YIG_yRn7ar1Tei0ByrAPH4P8LyIYLhTbfDqLWw8k94dMY,3,4,3,3,2,2,2,4,2,1,4,3,3,4,3,2,4,4,2,2,4,4,4,4,3,4,3,4,4,3,1,1,2,1,1,1,1,1,1,2,3,1,1,1,1,1,3,3,-999,-999,4,-999,4,4,2,m,35,1,NA,-999,Sweden,3.25,2,2.8333333333333335,3.25,3,3.8,3.5,1.3333333333333333,1,1.75,1.5,-598,3.3333333333333335,cb,cc,savings
RNwCN6iaXerftZjrkJBk8ct6aPnHDYqlRmCSOLmG7DOR4zlB4HGVF157qEGiEtCc,1,2,2,2,3,2,3,2,2,2,4,2,2,2,5,5,2,5,2,4,4,1,1,1,1,1,4,1,1,1,3,2,3,2,1,2,1,1,1,1,1,4,2,2,1,2,4,4,4,4,4,4,4,4,4,f,16,-999,Full time worker,-999,Australia,1.75,2.6666666666666665,2.3333333333333335,3.5,3.75,1,1.75,2.6666666666666665,1.3333333333333333,2,2.25,4,4,gb,cb,mobility
ROmaWMOFKV0K3CvzZmbFPgP1YXZJXvFY6fqUoc_ZBKY6Nk9sXADQ9zP2FlLWd9xn,1,2,2,2,3,2,3,2,2,2,2,2,2,2,1,2,1,2,2,1,2,3,-999,3,-999,-999,2,2,2,2,3,2,3,3,3,3,4,3,3,3,4,3,3,3,3,4,3,2,1,1,2,1,3,4,4,m,16,-999,Programmes Officer,1,NA,1.75,2.6666666666666665,2,1.5,1.75,-598.2,2,2.6666666666666665,3.1666666666666665,3.25,3.25,1.4,3.6666666666666665,cc,gb,mobility
rq8vWBaSc3f-Bb6hA0Tw6BuaJBh4sb1UAYuy1u5H__P7xBk_bwb4IWlwjsGzrRoq,3,3,3,3,3,3,2,4,4,4,4,4,4,4,4,4,4,4,4,4,4,1,1,1,1,1,2,2,2,2,3,3,3,2,3,3,2,3,2,2,2,2,2,3,3,2,2,4,4,4,4,4,4,4,4,f,35,-999,NA,1,NA,3,2.6666666666666665,4,4,4,1,2,3,2.5,2,2.5,4,4,gb,cb,savings
rY0NcTqXYLNG9qAr0qORywUl_WgHZ24MX9TE9D2ZU-4rpcknuUxA1NKW8dONdFoJ,2,2,4,2,2,2,2,6,4,4,6,5,5,3,6,5,5,6,6,7,4,1,1,1,1,1,2,2,3,3,3,3,3,1,2,2,1,1,2,2,1,2,3,1,1,1,2,4,4,4,4,4,4,4,4,f,16,-999,Student,3,NA,2.5,2,5,4.75,5.75,1,2.5,3,1.5,2,1.25,4,4,gb,cb,mobility
S1L8sPhp0-ggOousBLe-50b8b4I3dQfhDf2mTcvBKke6Td_-xKWAf8LGZLxTNEVg,3,3,3,3,3,2,3,4,3,4,4,4,4,4,4,4,4,4,4,4,4,-999,-999,-999,-999,-999,3,3,3,3,2,2,2,4,4,4,4,4,4,4,4,4,4,4,4,4,4,-999,-999,-999,-999,-999,3,4,2,f,35,-999,Behavior anaylst,3,NA,3,2.6666666666666665,3.8333333333333335,4,4,-999,3,2,4,4,4,-999,3,cb,cc,mobility
S665mBg7Z-YVVnqPwjD26AFJW51nkutIWpRruQv7-xjCCmIaWTdYIIgGCRJMjV7n,2,2,2,2,3,2,3,3,2,2,2,3,3,2,3,1,3,3,4,3,2,2,2,1,3,2,2,2,2,2,3,2,3,2,2,1,2,3,2,2,2,3,2,2,3,2,3,-999,2,-999,3,2,4,4,3,f,16,1,NA,3,NA,2,2.6666666666666665,2.5,2.25,3,2,2,2.6666666666666665,2,2.25,2.5,-398.2,3.6666666666666665,gb,cc,savings
sAGY3KfbTx-1CJiL93nVjPC5L0Jpp7oKvFvurPqX--JSYhQ44iR0COl-jxIc9r8X,3,2,1,3,3,1,4,2,2,2,2,2,2,3,2,2,3,3,3,3,4,2,4,4,3,4,3,4,2,2,2,3,2,2,1,2,2,3,2,3,2,3,4,3,2,3,3,3,1,1,1,1,3,4,4,f,16,5,NA,1,NA,2.25,2.6666666666666665,2,2.5,3.25,3.4,2.75,2.3333333333333335,2,3,2.75,1.4,3.6666666666666665,cb,gb,mobility
SAxOaIJJeoGX-6dyzdWeUXf3av-unqE_sHlyEpeC47yDCX7BsMiNbNZaToRuQCQd,3,2,3,2,3,3,3,3,3,4,2,3,3,3,3,2,3,3,2,3,4,1,1,1,1,1,1,4,1,2,3,1,4,1,1,1,1,1,2,2,1,2,2,2,1,1,2,4,4,4,4,4,4,4,4,f,50,-999,nurse,1,NA,2.5,3,3,2.75,3,1,2,2.6666666666666665,1.1666666666666667,1.75,1.5,4,4,gb,cc,savings
SBKhbv_G_Uy6ABi-BnUBJ8E3_EHimdGUyVazyQECyG-c58VbdnMMeZz8vyKRSZnK,1,1,1,1,4,1,4,1,1,1,1,1,1,1,1,1,1,1,1,1,1,3,-999,-999,-999,-999,1,3,2,3,3,2,3,1,1,1,1,1,1,1,5,4,5,1,4,1,5,1,1,1,1,1,4,4,4,f,16,-999,Admin worker,-999,Australia,1,3,1,1,1,-798.6,2.25,2.6666666666666665,1,3.75,2.75,1,4,cc,gb,savings
sopnaqQnEVkocAwWpSJO_2HOy2CiA9dWEnC6Ypz4pt3p0yLOQ1o7fOG24kEHIIUO,3,2,3,3,2,3,2,2,2,2,2,4,2,2,4,4,5,4,5,2,3,3,-999,-999,4,-999,3,2,2,2,3,2,3,2,3,2,2,4,4,2,3,3,3,2,2,4,3,1,1,1,2,1,4,4,4,f,16,-999,Program Support  3 and Client Assistance Manager  for Hosing services,3,NA,2.75,2.3333333333333335,2.3333333333333335,3.75,3.5,-598,2.25,2.6666666666666665,2.8333333333333335,2.75,2.75,1.2,4,cc,gb,savings
SXM0A9sywsECUKy0Sld6SRH8K4EpoqaOtYfxpzx1_S5f1EW4OqWctLE6sESt9NoC,1,2,3,2,3,1,3,3,3,2,3,2,2,2,1,1,1,1,1,3,3,-999,-999,-999,-999,-999,1,2,1,2,3,2,3,1,1,2,1,3,2,2,1,2,1,2,1,3,3,4,4,4,4,4,4,4,4,f,16,-999,Research Coordinator ,4,NA,2,2.3333333333333335,2.5,1.25,2,-999,1.5,2.6666666666666665,1.6666666666666667,1.5,2.25,4,4,cc,cb,savings
Szx1ezuY8CvpHiKTeuM2svzgSEDTtUbv209huXJOdA2_IGKwfy3xWKlpsvFneRQX,3,2,3,3,2,3,2,2,2,2,4,2,2,5,5,5,5,5,5,5,5,1,1,1,2,1,3,2,3,4,3,2,3,2,3,3,3,4,2,2,3,2,3,2,2,4,3,4,4,4,-999,4,4,4,4,f,16,5,NA,3,NA,2.75,2.3333333333333335,2.3333333333333335,5,5,1.2,3,2.6666666666666665,2.8333333333333335,2.5,2.75,-196.6,4,gb,cb,savings
T-d46ZQ5RoCl2SvDcKuWaGPMc66yLJEGKjstDUrYc2BUefe1Q2-TTsEZXQ_c3vqD,1,2,2,2,4,1,4,2,1,2,1,2,1,1,2,1,2,1,1,2,1,4,3,3,3,-999,2,2,2,2,3,3,3,1,1,1,1,1,1,2,2,2,1,2,1,1,3,4,4,4,4,4,4,4,4,f,50,-999,Employee,1,NA,1.75,3,1.5,1.5,1.25,-197.2,2,3,1,1.75,1.75,4,4,cc,cb,savings
T-H7RzT4VlBdnCgt5s6OidkiJGkqw0Sr7exaXMR2fHK4StJRvIhHV90jYHSTYdE_,1,2,1,2,4,1,3,1,2,2,1,2,2,2,1,3,1,1,1,1,1,4,4,4,3,4,2,2,2,2,3,2,3,3,3,3,3,3,3,3,3,3,3,3,4,4,4,1,1,1,2,1,4,4,4,m,16,1,NA,4,NA,1.5,2.6666666666666665,1.6666666666666667,1.75,1,3.8,2,2.6666666666666665,3,3,3.75,1.2,4,cb,gb,savings
T0X0GL_zcgk4eoKk_n6s9igFEc1Wf0ylXZYswuhL132ZBDNnkzPp_WZzJ3yIcPcR,2,3,3,4,3,3,3,3,3,4,3,4,3,4,4,4,4,4,4,4,4,3,-999,-999,4,-999,2,3,4,3,3,2,3,4,3,3,4,4,3,4,4,4,4,4,4,4,4,4,4,4,4,4,4,4,4,f,16,-999,Postgraduate Professional Archivist,3,NA,3,3,3.3333333333333335,4,4,-598,3,2.6666666666666665,3.5,4,4,4,4,cc,cb,mobility
T51RGuSPYZP5EfYNYyd_guUh3Sz7lgqUTsIpjzk5PutbiTVn4fhBGpgnHqudHe_N,2,1,2,1,3,2,3,3,2,2,3,2,4,3,2,2,3,3,2,2,3,3,-999,3,3,-999,2,2,1,3,3,3,2,5,5,4,5,5,3,6,6,6,5,6,5,5,5,1,1,1,1,1,4,4,4,f,16,-999,student Msci,1,NA,1.5,2.6666666666666665,2.6666666666666665,2.5,2.5,-397.8,2,2.6666666666666665,4.5,5.75,5.25,1,4,cc,gb,savings
TbohxOxBKhGiHZ7XSalRyR6TQVEwTfTW9RA3D-rV5Cva92mIHdsiFxXstaG6PzcE,2,3,4,3,3,2,3,2,1,2,3,2,3,2,3,3,3,3,2,3,4,2,1,1,2,2,2,3,4,3,3,2,3,1,1,1,1,2,2,3,1,1,2,2,1,1,1,4,4,4,4,4,4,4,4,f,16,1,NA,3,NA,3,2.6666666666666665,2.1666666666666665,2.75,3,1.6,3,2.6666666666666665,1.3333333333333333,1.75,1.25,4,4,gb,cb,mobility
TdpzVP8bL83PuJ6HvcR_35nb1aOrgvDYrnWmn77aGW1_YeUPEYUeP-AvJZ0Mxrx2,1,2,2,2,3,2,3,2,2,2,2,3,3,2,2,3,2,3,1,3,3,3,4,4,3,4,2,2,2,2,3,2,3,4,3,3,3,4,4,4,4,4,4,4,4,4,3,2,1,1,-999,1,4,4,4,f,16,-999,Postgraduate student,-999,Australia,1.75,2.6666666666666665,2.3333333333333335,2.25,2.5,3.6,2,2.6666666666666665,3.5,4,3.75,-198.8,4,cb,gb,savings
tfdGygx55YDSdx7ogv_vWfpxUsrJIDWvXP7xEJ_qVhNvgp5wCMtdFd-77vCCfdUx,1,3,2,3,3,1,3,2,2,2,2,2,2,2,2,2,2,2,2,2,2,4,4,4,4,4,1,2,2,2,4,1,4,3,3,3,3,3,3,4,3,3,3,3,3,3,4,3,2,1,2,2,4,4,4,f,16,-999,Nonprofit Research Assistant,3,NA,2.25,2.3333333333333335,2,2,2,4,1.75,3,3,3.25,3.25,2,4,cb,cc,mobility
tKJBujWP6aB__XGzgJ8qA7F64QlPCOLqvm1zZ7eYiJMhrhl_WUdIiZBUDAYP5B_t,2,3,2,3,3,2,3,3,3,3,4,3,3,3,4,4,4,4,4,3,4,3,3,3,2,3,2,2,2,2,3,2,3,3,3,3,3,3,4,3,4,4,4,3,4,3,4,2,2,2,2,2,3,3,3,f,16,1,NA,1,NA,2.5,2.6666666666666665,3.1666666666666665,3.75,3.75,2.8,2,2.6666666666666665,3.1666666666666665,3.75,3.5,2,3,cc,gb,mobility
TL1QVVysH117mVqpXoA111geuolXpYznKYgkB5X9n8w4-RiYZhetr5bXYmwODn1Q,2,2,1,2,2,2,2,3,3,2,3,3,3,4,3,3,3,4,3,3,4,4,4,4,4,4,2,2,2,2,2,2,2,3,3,3,3,3,3,4,3,4,3,4,3,3,4,3,1,1,3,1,4,3,4,f,50,-999,Run charity,1,NA,1.75,2,2.8333333333333335,3.25,3.5,4,2,2,3,3.5,3.5,1.8,3.6666666666666665,cb,gb,savings
TrGwifk-BMsJPDy6OzMK0tE2wLHdHhDkknNtEugZ2uGedgx4ErASgBvtRW7gSPaJ,2,1,1,3,1,4,1,6,3,2,5,6,5,4,6,5,6,5,6,5,4,1,1,1,1,1,2,2,1,3,4,1,4,2,2,2,2,2,3,1,2,1,1,1,2,1,1,-999,-999,-999,-999,-999,4,4,4,m,50,-999,Children's Commissioner,1,NA,1.75,2,4.5,5.25,5,1,2,3,2.1666666666666665,1.25,1.25,-999,4,gb,cc,mobility
tsF2QYBGlRScaFLYNvQ1JckOT9DW_Yyt6xriHTC9YjvMJ9tL8l2eH4v5YE0IZp_x,2,3,2,4,3,2,3,3,2,2,3,3,3,2,2,2,2,2,2,2,2,1,1,1,1,1,2,3,2,4,3,2,3,2,2,2,2,2,2,2,2,3,2,3,2,2,3,4,4,4,4,4,4,4,2,m,50,-999,Psychology Graduate,1,NA,2.75,2.6666666666666665,2.6666666666666665,2,2,1,2.75,2.6666666666666665,2,2.25,2.5,4,3.3333333333333335,gb,cb,savings
UaLHUt3jkV734WgdKEJd8pz6TvL7Qee0tgSUF7tc09ONoXZkMxndD_zsZkjhEfNA,2,1,3,1,3,1,3,2,3,3,4,3,4,2,4,3,4,2,6,3,4,-999,1,1,2,1,1,4,2,2,3,2,3,3,2,1,1,2,1,2,3,2,3,1,2,2,3,4,-999,-999,3,-999,3,3,4,f,16,-999,undergraduate researcher,3,NA,1.75,2.3333333333333335,3.1666666666666665,3.25,3.75,-198.8,2.25,2.6666666666666665,1.6666666666666667,2.5,2,-598,3.3333333333333335,gb,cc,mobility
uCB5AVgrCmMZPhSzq8BvAxQY2vCWLDODGDvopNBDCox7kDonVm0t16X0lnyLYRLv,3,3,3,3,3,2,3,3,3,3,3,3,3,4,4,4,4,4,4,3,4,3,3,3,3,3,3,2,3,2,3,2,3,4,3,3,3,3,3,4,4,4,4,4,4,4,4,2,3,2,3,3,3,4,2,f,35,-999,CPD - Ongoing training as part of my job ,1,NA,3,2.6666666666666665,3,4,3.75,3,2.5,2.6666666666666665,3.1666666666666665,4,4,2.6,3,cc,cb,savings
umClPdR3xqkHxhccxRNjUbMN78bm2erxBdY00Z0li8pU5Wk43Y1TvwF3derlXLMY,1,3,1,3,3,2,3,1,1,2,1,2,2,1,1,2,2,3,3,2,3,3,-999,-999,3,-999,1,2,1,2,4,1,4,2,2,2,1,2,2,2,2,1,1,1,1,1,2,4,4,4,4,4,3,4,3,m,16,1,NA,-999,Spain,2,2.6666666666666665,1.5,1.5,2.75,-598.2,1.5,3,1.8333333333333333,1.5,1.25,4,3.3333333333333335,cc,cb,mobility
uqCJq5lK40m0Hr6PjMRYVvMZ0ySDH--OFRpe13EhjJRQfR6UUj0p6nA5xQaktVA1,3,2,2,2,3,2,2,4,4,5,5,5,5,4,5,4,5,5,5,5,4,-999,-999,-999,-999,-999,2,2,2,2,2,2,3,4,3,3,3,5,3,4,3,4,4,4,3,4,4,2,1,1,-999,1,2,4,2,f,16,1,NA,3,NA,2.25,2.3333333333333335,4.666666666666667,4.5,4.75,-999,2,2.3333333333333335,3.5,3.75,3.75,-198.8,2.6666666666666665,cc,gb,savings
utrDKHSnfZbUTIuk_drZ3xJ7XPB_8HmmGnbln3DdlNNP8JyI7Z0FwG_Zq8HnMLcH,1,2,2,2,3,2,3,2,2,2,2,2,2,2,2,2,2,2,2,2,2,4,4,4,4,4,3,2,3,3,2,2,3,5,4,4,4,5,4,4,6,4,5,4,5,4,4,1,1,1,1,1,4,4,4,f,50,5,NA,3,NA,1.75,2.6666666666666665,2,2,2,4,2.75,2.3333333333333335,4.333333333333333,4.75,4.25,1,4,cb,gb,savings
UvGpHVQAKeuP18UjMoqtSUHkqUa2OsXUwaK-M0ps-OSWCvpY0mmOVE0XfBHwduhw,3,2,4,3,4,2,4,2,2,2,4,5,1,3,2,2,4,3,2,4,2,1,1,1,1,1,3,2,2,3,3,2,2,1,2,1,3,3,2,1,3,2,4,4,4,2,3,1,-999,1,1,1,2,4,4,m,16,1,NA,-999,Germany ,3,3.3333333333333335,2.6666666666666665,2.75,2.75,1,2.5,2.3333333333333335,2,2.5,3.25,-199,3.3333333333333335,gb,cc,mobility
UvpwM3ithm87cYwmxqpJ3aZp1u6Qta5XfCgQWMBpb18dkFKXs2IKIpiopFAoNoUz,2,3,1,4,3,1,3,4,4,4,3,4,4,3,3,3,3,3,3,3,3,2,2,1,1,1,1,2,1,2,3,1,3,4,4,3,3,4,3,3,3,3,3,2,2,3,2,4,4,4,3,4,4,4,3,m,16,1,NA,1,NA,2.5,2.3333333333333335,3.8333333333333335,3,3,1.4,1.5,2.3333333333333335,3.5,3,2.25,3.8,3.6666666666666665,gb,cb,mobility
UyTKiOe-XH6YdOu5OF0BQ-ie_3Gc4endG_lWNYWy_Xx8BV18iMibgg8Ul1oOKwpK,2,2,2,2,3,2,3,3,3,5,3,4,3,4,4,4,3,4,3,4,4,3,4,3,3,-999,3,3,2,2,2,2,2,5,5,5,5,5,5,5,5,5,5,5,5,5,5,1,1,1,2,1,3,3,3,m,35,-999,Operational,1,NA,2,2.6666666666666665,3.5,3.75,3.75,-197.2,2.5,2,5,5,5,1.2,3,cc,gb,mobility
v06SybXI4_Lon7d6p918Dwq-5AVgUdjhTzwJqj-JBt2xVkOaJjhHB0ZQm9m78JP2,3,3,3,3,3,2,3,1,2,1,2,1,1,4,3,3,3,3,2,2,1,3,4,4,4,4,3,3,3,2,4,3,4,1,1,1,1,1,1,3,1,2,1,2,1,2,2,1,-999,3,1,1,4,4,4,m,16,-999,University Student,-999,Hungary,3,2.6666666666666665,1.3333333333333333,3.25,2,3.8,2.75,3.6666666666666665,1,1.75,1.75,-198.6,4,cb,cc,mobility
v1rWURZ73dtmUZD_cFFVOTEdV4CepEWv4q0ZBPzauCQcMGM793AGxA5hJseZota7,1,2,2,2,3,1,3,1,1,1,1,1,1,1,1,1,1,1,1,1,1,1,1,1,1,1,1,1,2,2,3,1,3,1,1,1,1,1,1,1,1,1,1,1,1,1,1,3,1,1,-999,-999,4,4,3,f,35,4,NA,1,NA,1.75,2.3333333333333335,1,1,1,1,1.5,2.3333333333333335,1,1,1,-398.6,3.6666666666666665,cb,cc,savings
V9VKqejC9legC1iMRIB6v8yjY6zxnYOf1R7S_Gi2x_9kWE7dOzNBQgrXi50_UuvS,2,1,3,3,3,2,3,2,3,2,2,2,2,2,3,2,2,3,2,2,3,3,3,4,3,4,2,3,3,3,2,3,2,2,2,2,2,2,2,3,3,2,2,3,3,2,3,3,-999,-999,-999,-999,4,4,4,f,16,-999,Undergraduate student,1,NA,2.25,2.6666666666666665,2.1666666666666665,2.25,2.5,3.4,2.75,2.3333333333333335,2,2.5,2.75,-798.6,4,cb,cc,savings
vEG7zLgPzWKRhl8Wz7y5dYOA1J9AqOGlfYa1_pAzgvbjQ5xtW0UFRyyf1DTjlx3l,1,1,1,1,4,1,4,1,1,1,1,3,1,1,1,1,1,1,1,1,1,4,4,4,4,4,2,2,2,2,2,2,2,4,4,4,6,6,5,4,4,5,4,4,5,4,7,2,1,1,1,1,4,4,4,f,16,1,NA,3,NA,1,3,1.3333333333333333,1,1,4,2,2,4.833333333333333,4.25,5,1.2,4,cb,gb,savings
vSOXgUorYpUmIHz9GOXzLAeBfaZMOOaEsOsZdzLRgxBunix-v_YqnDhviqXGALjn,1,3,1,3,4,1,4,1,1,1,1,1,1,1,1,1,1,1,1,1,1,-999,4,-999,-999,-999,1,3,2,2,4,1,4,1,1,1,1,1,1,3,1,3,3,1,3,1,3,1,1,1,1,1,4,4,4,m,16,3,NA,-999,Italy,2,3,1,1,1,-798.4,2,3,1,2.5,2,1,4,cc,gb,savings
VVMkPPW16ShGNrGmUJRRh0cpkwIz0UFCrtMJ3U6KF0Ow2tseFTDYsxA7WWv9YEU3,2,2,2,2,4,1,4,2,2,2,2,3,2,3,1,2,2,3,2,2,2,4,4,4,3,4,2,2,2,2,3,2,3,2,2,2,2,2,2,3,3,4,3,3,3,2,3,3,2,2,3,2,4,4,3,f,16,-999,Graduate Student,3,NA,2,3,2.1666666666666665,2,2.25,3.8,2,2.6666666666666665,2,3.25,2.75,2.4,3.6666666666666665,cb,cc,savings
vx7XweZmYCnp8uJ8t07D5SGj8vaPbCs4xmYlsQ1ZiWQ1BJfc-dbzXhOO8ZF5EQUg,1,2,2,3,4,1,4,1,3,3,2,2,2,2,2,3,2,2,2,2,3,4,4,4,4,4,1,3,3,3,2,2,2,2,2,2,3,3,2,3,3,3,2,2,2,3,3,1,1,1,1,2,4,4,3,f,16,1,NA,4,NA,2,3,2.1666666666666665,2.25,2.25,4,2.5,2,2.3333333333333335,2.75,2.5,1.2,3.6666666666666665,cb,cc,savings
w_d0WXjXC_uMLV9hPE5rYM1uO2JlDhHrwQNM5K1Nl_Al5Jwjcmh_RO8ZagdNAxfg,3,3,2,3,2,2,2,3,4,2,3,4,3,5,5,5,4,4,4,3,5,2,2,4,2,2,4,3,2,1,2,2,2,2,6,4,2,4,5,5,3,4,3,4,3,5,5,4,3,2,3,4,3,4,3,f,16,-999,Master student,1,NA,2.75,2,3.1666666666666665,4.75,4,2.4,2.5,2,3.8333333333333335,3.75,4.25,3.2,3.3333333333333335,cb,cc,mobility
WUfWjO3u7Om4Cw9GPaCVqrIDFjuh1hf-HdzQ9NSJy1zhFZPSe4JzqX5vOzLdy6_Q,2,3,3,3,3,2,4,2,1,2,1,2,2,2,1,1,1,2,2,1,2,4,4,4,4,4,3,4,3,3,4,4,3,1,1,2,1,1,2,1,2,2,2,2,2,2,2,4,4,4,4,4,4,4,3,f,35,-999,healthworker,-999,Belgium,2.75,3,1.6666666666666667,1.25,1.75,4,3.25,3.6666666666666665,1.3333333333333333,1.75,2,4,3.6666666666666665,cc,cb,savings
WyKsDwc2pGgSCw02PXHk1xioFQ0DdZzTc4RESlzjpapGfA4Xx3y-WfL0DXoxmUJ0,1,2,1,3,3,2,3,2,2,2,2,2,2,3,3,3,3,3,3,3,3,2,1,-999,2,1,1,3,1,3,2,2,3,1,2,2,1,2,2,1,1,2,1,1,2,2,2,3,1,1,1,1,4,4,3,m,16,1,NA,1,NA,1.75,2.6666666666666665,2,3,3,-198.6,2,2.3333333333333335,1.6666666666666667,1.25,1.75,1.4,3.6666666666666665,cc,gb,mobility
XALLUnjEcRxRTC0Emq3dDy0GPjGh3OT7k7gTTDsC7baq2ynFH8COc2V7DrKpjlWy,4,2,3,4,4,1,4,2,2,2,2,2,2,2,2,2,2,2,2,2,3,4,-999,-999,3,2,2,3,3,3,3,1,3,2,2,2,2,2,2,2,2,2,2,2,2,2,2,3,-999,-999,-999,-999,2,1,1,f,35,-999,Social care support,1,NA,3.25,3,2,2,2.25,-397.8,2.75,2.3333333333333335,2,2,2,-798.6,1.3333333333333333,cc,cb,savings
xDuo2diMuygwvW-mc96KWm_BQTV5iXB1cFWHf1G5oonPa4xZ0aw_LDWWVtM8y0T1,2,2,3,3,4,1,4,1,1,1,1,1,1,1,1,1,1,1,1,1,1,-999,-999,-999,-999,-999,2,2,3,2,3,2,3,1,2,2,1,1,1,1,1,1,1,1,2,1,1,3,-999,-999,3,3,3,2,2,m,16,-999,Data Analyst,3,NA,2.5,3,1,1,1,-999,2.25,2.6666666666666665,1.3333333333333333,1,1.25,-397.8,2.3333333333333335,cc,gb,mobility
xgeflw2cGgFzvQ-QHw2cKFCDl5W45cY1exr4KcC6IYsCnFmEsTnxdi4j8HFCSbxV,3,3,2,3,3,2,3,3,4,4,3,4,4,5,3,3,3,3,3,3,3,1,1,1,1,1,2,2,2,3,3,2,3,3,3,3,3,3,3,3,3,3,3,3,3,3,3,4,3,-999,4,4,4,4,3,m,35,-999,Social Work Graduate,1,NA,2.75,2.6666666666666665,3.6666666666666665,3.5,3,1,2.25,2.6666666666666665,3,3,3,-196.8,3.6666666666666665,gb,cc,savings
XInVzQ7WPih4WenQ8BQZX2hONfnKlvPYbI6MUcgNFKt4IxMmCdYK-QY1n84SdIzG,3,3,2,3,3,2,2,1,4,4,1,3,3,1,1,3,1,1,1,1,4,3,4,4,4,4,2,2,2,3,4,1,4,3,4,4,3,4,4,2,3,2,2,3,2,3,4,-999,-999,-999,-999,-999,4,4,4,m,16,-999,Master's graduate/clinical case manager,3,NA,2.75,2.3333333333333335,2.6666666666666665,1.5,1.75,3.8,2.25,3,3.6666666666666665,2.25,3,-999,4,cb,cc,mobility
xQgf27N1vRKlocNZkjMISnKyeORRr76S6QEEdZU1OB46gqPJxsL9_OtIOOQR3WEK,1,2,1,2,3,1,3,3,2,3,2,3,2,1,2,4,4,4,4,4,3,3,-999,-999,3,-999,1,2,2,2,3,1,3,2,2,2,2,3,2,2,2,4,2,4,4,1,4,3,4,4,4,4,4,4,4,m,35,5,NA,3,NA,1.5,2.3333333333333335,2.5,2.75,3.75,-598.2,1.75,2.3333333333333335,2.1666666666666665,2.5,3.25,3.8,4,cc,cb,mobility
Xseq0VQTl8cC8Hfoxx01eeh0fjzbr8_lIKf6hjdIzwRbZasGU2YGk8Rk53t_E4g9,3,1,1,3,4,1,4,5,4,4,4,4,4,5,5,5,5,3,4,5,5,1,1,1,1,1,2,2,2,2,2,3,2,4,4,4,4,3,3,3,1,3,2,4,3,2,3,4,4,4,3,4,4,4,4,m,16,1,NA,-999,Germany,2,3,4.166666666666667,5,4.25,1,2,2.3333333333333335,3.6666666666666665,2.25,3,3.8,4,gb,cb,savings
xt-Smzt9barhPwOx_fvY6hXMbUKk7a6dPTLsbO_FQpX0cbfIk4c7KtHL51h0RZuW,2,4,3,4,2,3,2,6,6,5,5,6,5,5,4,4,4,4,1,3,4,-999,-999,-999,-999,-999,1,2,1,2,4,1,4,1,1,1,1,1,1,2,2,2,2,2,2,2,2,4,4,4,4,4,4,4,3,f,16,1,NA,1,NA,3.25,2.3333333333333335,5.5,4.25,3,-999,1.5,3,1,2,2,4,3.6666666666666665,cc,cb,mobility
xUVAegDmIMs2x15uRSEF0-P6UYDYDMY8WCssWudIlPmWFHHYmXnQb6cbjxM6qjNW,2,4,3,3,3,1,4,1,1,1,1,2,1,3,2,2,2,2,2,2,4,3,3,4,3,2,2,2,3,2,3,2,3,1,1,1,2,1,1,3,1,3,1,4,5,5,5,4,4,4,3,4,4,4,4,m,16,-999,Research Assistant Internship,1,NA,3,2.6666666666666665,1.1666666666666667,2.25,2.5,3,2.25,2.6666666666666665,1.1666666666666667,2,4.75,3.8,4,cc,cb,mobility
XXHsTuAi_0KsXNlE23ADL15SFr-tqH40xTNrjGMz7aVwdnpHZk1G3NPTNBFiLzRV,3,3,2,4,3,2,3,5,3,4,5,4,6,4,5,5,5,3,5,3,3,1,1,1,1,1,2,2,2,3,2,2,3,4,5,4,5,4,4,2,4,3,2,3,4,3,3,4,4,4,4,4,4,4,4,f,16,-999,deputy manager,1,NA,3,2.6666666666666665,4.5,4.75,3.5,1,2.25,2.3333333333333335,4.333333333333333,2.75,3.25,4,4,gb,cb,mobility
YmrnvDyWj3JjhT8VKAdq4aVNWitYW1_1p6JbOdrnD8CkSfS3iIDv0DRWjBcRVHq4,2,2,2,3,3,2,3,2,3,3,3,3,3,4,3,4,3,4,3,3,3,2,-999,3,2,-999,1,2,1,2,3,2,4,2,3,3,2,3,4,3,3,3,2,3,2,2,2,3,-999,-999,3,-999,4,3,3,m,16,1,NA,1,NA,2.25,2.6666666666666665,2.8333333333333335,3.5,3.25,-398.2,1.5,3,2.8333333333333335,2.75,2.25,-598.2,3.3333333333333335,cb,cc,mobility
YOaskKu_7sy0YhNAm1IB2Cedhj5-wUzS6QcOPxntO4DJWeSFSm5KXHT1kyeVOUq3,1,2,1,2,3,2,3,3,3,2,3,3,3,4,4,3,4,4,3,3,4,-999,-999,-999,-999,-999,1,1,1,2,4,1,3,2,2,3,2,3,3,3,3,4,3,3,2,2,4,4,4,4,4,4,4,4,3,m,16,1,NA,-999,Israel,1.5,2.6666666666666665,2.8333333333333335,3.75,3.5,-999,1.25,2.6666666666666665,2.5,3.25,2.75,4,3.6666666666666665,cc,cb,mobility
yoleXk_z5CFIIRqaREvdWwhlwo0D3uvK3WXzv0tD-3ve0Wzrw3H9gFlf_giWGe7J,2,2,2,3,2,3,3,2,2,2,2,2,2,2,2,2,2,2,2,2,2,3,4,4,4,4,3,2,3,3,3,2,2,3,3,3,3,4,3,2,2,3,4,3,4,3,3,1,1,1,1,1,4,4,4,f,35,-999,Psychotherapist ,1,NA,2.25,2.6666666666666665,2,2,2,3.8,2.75,2.3333333333333335,3.1666666666666665,2.75,3.25,1,4,cb,gb,mobility
YQ4ASfUUcjUcz69QYiCzCF_dCmH7AmIzfeAQaMnXY99DzcIoQzfCPR9BBB98FArp,3,4,2,4,2,4,2,6,6,5,6,6,6,6,5,6,6,6,6,6,6,1,1,1,1,1,1,4,3,3,3,3,3,1,1,1,1,1,1,1,1,1,1,1,1,1,1,4,4,4,4,4,4,4,4,f,16,-999,student B.A. social work,-999,Germany,3.25,2.6666666666666665,5.833333333333333,5.75,6,1,2.75,3,1,1,1,4,4,gb,cb,savings
yQ9Wf3teK8Jj0pTCDQTQIalUVCaEksHCAj0G91gGYKwGMjocyDy7dxkjW606s50q,1,2,2,2,3,2,3,2,3,1,1,2,1,2,2,2,2,2,2,1,2,4,4,4,4,4,1,2,2,2,3,1,3,1,2,1,1,2,1,2,2,2,2,2,2,2,2,2,3,1,1,1,4,4,3,f,16,1,NA,-999,Germany,1.75,2.6666666666666665,1.6666666666666667,2,1.75,4,1.75,2.3333333333333335,1.3333333333333333,2,2,1.6,3.6666666666666665,cb,gb,mobility
YTMyedPD-IedyHyrxyJUe8b0v4-Wyk45d62VzwW4DgFwmAh-IT8_ECai6U5hfJMZ,2,3,2,4,3,2,3,3,3,2,3,3,3,4,4,4,4,4,3,4,4,3,4,2,2,3,3,3,2,2,2,3,2,5,4,3,5,4,5,5,5,4,4,5,5,4,5,1,1,1,1,1,3,3,3,f,16,1,NA,4,NA,2.75,2.6666666666666665,2.8333333333333335,4,3.75,2.8,2.5,2.3333333333333335,4.333333333333333,4.5,4.75,1,3,cc,gb,mobility
yUX9WXhu-k3uGuDHvztu9zKMP-jS4ZaDOOSn-z83wQfFCUpTf7QTAbGZ62tJO3tv,2,2,2,4,3,3,3,1,1,1,1,2,1,4,1,4,4,2,3,2,2,3,4,4,3,4,1,2,3,3,2,2,2,1,1,1,1,1,1,4,1,4,4,2,3,1,2,1,1,1,1,1,4,4,3,m,16,1,NA,-999,POLAND,2.5,3,1.1666666666666667,3.25,2.25,3.6,2.25,2,1,3.25,2,1,3.6666666666666665,cb,gb,savings
Yv6bTSMgaS6k19rlCCYMoD1uR-lBWa8huFsfgTMIZJbY0RMSafceY1x55RHqygzH,2,3,2,3,3,3,3,5,4,4,4,4,4,4,3,4,4,5,4,5,4,2,4,4,4,3,2,2,2,2,3,3,3,3,3,3,3,3,4,3,3,3,3,3,3,3,3,1,1,1,1,1,4,4,3,f,16,-999,Student,-999,Germany,2.5,3,4.166666666666667,3.75,4.5,3.4,2,3,3.1666666666666665,3,3,1,3.6666666666666665,cb,gb,mobility
YyHnXZFy4_q2W1F_I8T2lXyX0N-cNsDkManhXYkyMXXiCY6GrK_lCFN0-nfdgypu,2,2,2,2,2,2,2,5,5,6,6,6,6,4,4,4,4,4,4,4,4,4,4,3,4,4,2,2,2,2,2,2,2,5,5,6,6,5,6,4,4,4,4,4,4,4,4,2,1,1,1,1,4,4,3,f,16,-999,NA,3,NA,2,2,5.666666666666667,4,4,3.8,2,2,5.5,4,4,1.2,3.6666666666666665,cb,cc,mobility
yzcYJzTOO-h-g2F-k617yAdeWI8P8dxJHYp0Umny_HUUMT99tVdOMz8St__wRiRP,2,4,3,4,3,1,3,4,2,1,5,4,2,3,2,1,3,2,2,4,5,1,1,1,1,1,2,2,2,2,4,1,4,1,1,1,1,1,1,3,2,2,2,2,1,1,2,4,-999,-999,-999,-999,3,4,4,f,16,1,NA,1,NA,3.25,2.3333333333333335,3,2.25,3.25,1,2,3,1,2.25,1.5,-798.4,3.6666666666666665,gb,cc,savings
Z_I4160sjWMwojf7rIR6iIerYPwri4HKA-e52aXgdHlGPKNIFa38PzyDFKFpmsen,1,3,1,3,2,3,2,2,2,1,2,3,3,2,2,3,2,2,2,2,2,-999,-999,-999,-999,-999,1,3,2,3,3,2,3,1,1,1,1,2,1,1,1,1,1,1,1,1,1,4,4,4,4,4,4,4,4,f,16,1,NA,1,NA,2,2.3333333333333335,2.1666666666666665,2.25,2,-999,2.25,2.6666666666666665,1.1666666666666667,1,1,4,4,cc,cb,mobility
z38WR61_O84pQElavrdwLOHxxg_6dYWEOuECX9woPuX0_ATFY6T1ZUbP_O44KNrz,1,1,1,1,3,1,3,1,1,1,1,1,1,1,1,1,1,1,1,1,1,-999,-999,-999,4,-999,1,2,1,4,3,2,2,1,1,1,1,1,1,1,1,1,1,1,1,1,1,-999,-999,-999,-999,-999,4,4,2,m,50,-999,NA,3,NA,1,2.3333333333333335,1,1,1,-798.4,2,2.3333333333333335,1,1,1,-999,3.3333333333333335,cc,gb,savings
z3TFwkgkowv7P15FcBWqNkwVPbJvBa_cIMqhDTpVeVohw649SQSMTxqhEMExUoRX,1,2,1,2,3,1,3,3,2,2,2,3,2,3,3,3,2,3,2,2,2,2,2,3,3,3,2,3,2,2,3,2,3,3,3,3,2,3,3,2,2,3,3,2,2,2,4,2,2,1,2,2,4,4,4,m,16,1,NA,3,NA,1.5,2.3333333333333335,2.3333333333333335,2.75,2.25,2.6,2.25,2.6666666666666665,2.8333333333333335,2.5,2.5,1.8,4,cc,gb,mobility
ZCgj0ki5azqCd28Gbm21kLcJg1wLPDJwKX6-028o4hAOLUPpw54IVOX_W9TWEpZ2,1,3,1,3,3,2,3,3,3,1,3,2,3,1,2,2,2,2,2,2,1,1,1,1,1,1,2,4,1,4,3,2,3,2,2,2,2,2,3,2,1,2,2,2,1,3,3,-999,-999,-999,2,-999,4,4,4,m,50,-999,Communications management,4,NA,2,2.6666666666666665,2.5,1.75,1.75,1,2.75,2.6666666666666665,2.1666666666666665,1.75,2.25,-798.8,4,gb,cc,savings
ZdyLS4SJTIciyX_dtRMR-uyOmeV5pwNI17hqz5ULxcNZDcPzIC05R7jx-Ff2UMD2,3,2,3,2,2,2,2,3,3,3,3,3,3,3,3,4,3,3,3,4,3,3,3,4,3,3,3,2,3,3,3,2,3,3,3,3,2,3,3,2,3,3,3,2,3,3,2,3,-999,-999,-999,-999,3,3,3,f,16,-999,Autism Clinician,3,NA,2.5,2,3,3.25,3.25,3.2,2.75,2.6666666666666665,2.8333333333333335,2.75,2.5,-798.6,3,cb,cc,mobility
ZfzZBGY6UQyM8r3vt9j6Bg-pQf-I3eUydOG4vOR9Z67BljOzLFHsFL5_tvL2Z0ol,2,4,2,3,4,1,3,2,2,2,2,2,2,1,2,1,1,1,1,1,1,4,4,4,4,4,2,3,2,3,2,3,2,1,2,1,1,1,1,1,2,2,2,2,2,1,2,-999,-999,-999,-999,-999,4,4,2,f,16,-999,Assistant Psychological Wellbeing Practitioner,1,NA,2.75,2.6666666666666665,2,1.25,1,4,2.5,2.3333333333333335,1.1666666666666667,1.75,1.75,-999,3.3333333333333335,cb,cc,savings
zhuT4OqmsBrBAtwvujRMGWJslZ3mGSDyozI9NC5D1NwcWQFQvZtdA2gw-ZfG5X2E,2,2,3,2,3,2,3,2,2,2,2,3,2,2,3,3,2,2,2,2,3,1,1,1,1,1,2,2,3,2,3,2,3,2,2,2,2,2,2,2,2,2,1,2,2,2,2,-999,-999,4,4,-999,3,4,4,m,16,1,NA,4,NA,2.25,2.6666666666666665,2.1666666666666665,2.5,2.25,1,2.25,2.6666666666666665,2,1.75,2,-597.8,3.6666666666666665,gb,cc,mobility
ZQvZKXp3xweMU5H6OEziGN5jpFpik6l4xFkZuhI48YKXYZSMq_zwLQKRbXpVY9ss,1,2,1,2,4,1,3,2,2,2,2,2,2,2,2,2,2,2,2,2,2,4,4,4,4,4,1,2,2,2,3,2,3,2,2,2,2,2,2,2,2,2,2,2,2,2,2,3,2,2,3,2,4,4,4,m,35,2,NA,1,NA,1.5,2.6666666666666665,2,2,2,4,1.75,2.6666666666666665,2,2,2,2.4,4,cb,cc,savings
ZrugzfCrhndONuIepRNkBitjnBX3YYnRflkwTznCJmCCJzNYCH0HsDuitcbhWADp,2,2,3,3,2,2,2,4,4,4,5,4,4,4,4,4,5,4,4,5,5,1,1,1,1,1,2,2,2,2,3,2,3,2,4,3,3,4,4,4,3,4,3,4,4,2,2,4,4,4,4,4,4,4,4,m,16,1,NA,3,NA,2.5,2,4.166666666666667,4.25,4.5,1,2,2.6666666666666665,3.3333333333333335,3.5,3,4,4,gb,cb,mobility
zvnYKrdFeZxZ6NX4n5NKHSCyMB881Q7WHXTCVEL-4sCgPDqruPjmlw8fSvbbZ43t,1,2,1,2,3,1,3,2,1,1,1,1,1,2,2,3,2,2,3,2,3,4,4,4,3,3,2,2,3,1,2,2,3,2,3,1,2,4,1,3,3,3,3,3,3,3,4,2,1,1,2,1,4,3,2,f,16,-999,Service Coordinator,3,NA,1.5,2.3333333333333335,1.1666666666666667,2.25,2.5,3.6,2,2.3333333333333335,2.1666666666666665,3,3.25,1.4,3,cb,gb,savings
zw_49hkyhJhX516HxTsi8Jg2Rtjksv44NHHUm8mZdKCfys5bxs2GAwFQqOU30RzZ,2,2,3,3,3,1,3,1,2,2,2,3,2,4,4,3,4,4,5,2,4,3,1,-999,3,1,2,2,3,3,3,2,3,1,2,2,2,2,2,4,4,3,3,4,3,2,2,3,1,-999,3,1,4,4,2,f,16,1,NA,1,NA,2.5,2.3333333333333335,2,3.75,3.75,-198.2,2.5,2.6666666666666665,1.8333333333333333,3.5,2.75,-198.2,3.3333333333333335,cc,cb,savings
zZ_Q7Pe0-Ms7n3KKq7ffArgsoraqOhXbjU2xGFq1OsF_Z8nkoPht6lirwBrfK6eG,2,2,2,2,3,1,3,2,2,2,2,3,2,2,2,2,2,1,2,2,2,3,3,4,3,4,3,3,3,3,1,3,1,4,3,3,5,5,4,5,6,6,6,6,5,5,4,1,1,1,1,1,4,4,4,f,16,1,NA,-999,Italy,2,2.3333333333333335,2.1666666666666665,2,1.75,3.4,3,1.6666666666666667,4,5.75,5,1,4,cc,gb,savings
zZ-ml4XnDHRQMjmEtNV9Cddz8H7LHAqmVEsjnv1gWP87zkFna95tMk9rMP-DMU23,1,1,3,1,4,1,4,1,1,1,3,1,1,2,2,1,1,1,1,1,1,3,1,1,1,1,1,2,3,2,4,1,4,1,1,1,1,1,1,1,1,1,1,1,1,1,1,4,-999,-999,-999,-999,4,4,4,f,16,-999,Graduate with part-time job,-999,Mexico,1.5,3,1.3333333333333333,1.5,1,1.4,2,3,1,1,1,-798.4,4,gb,cc,savings
ZZSARZfGMXqwLGPoFj94e1CiCG61hczXUE5gQN6IipN1vZPviHrJrLGhyVhoTwTN,3,3,4,4,2,3,3,3,3,3,4,3,5,3,3,4,3,3,4,3,4,4,4,3,4,3,3,2,3,2,3,2,3,3,3,4,3,3,4,3,3,3,3,3,3,4,4,4,4,4,4,4,4,4,2,m,16,1,NA,-999,south africa,3.5,2.6666666666666665,3.5,3.25,3.5,3.6,2.5,2.6666666666666665,3.3333333333333335,3,3.5,4,3.3333333333333335,cc,gb,savings
