"","id","created","ended","modified","nonosp_tsm_1","nonosp_tsm_2","nonosp_tsm_3","nonosp_tsm_4","nonosp_tsc_1","nonosp_tsc_2","nonosp_tsc_3","nonosp_tru_exp_1","nonosp_tru_exp_2","nonosp_tru_exp_3","nonosp_tru_exp_4","nonosp_tru_exp_5","nonosp_tru_exp_6","nonosp_tru_int_1","nonosp_tru_int_2","nonosp_tru_int_3","nonosp_tru_int_4","nonosp_tru_ben_1","nonosp_tru_ben_2","nonosp_tru_ben_3","nonosp_tru_ben_4","nonosp_tch_1","nonosp_tch_2","nonosp_tch_3","nonosp_tch_4","nonosp_tch_5","nonvis_tsm_1","nonvis_tsm_2","nonvis_tsm_3","nonvis_tsm_4","nonvis_tsc_1","nonvis_tsc_2","nonvis_tsc_3","nonvis_tru_exp_1","nonvis_tru_exp_2","nonvis_tru_exp_3","nonvis_tru_exp_4","nonvis_tru_exp_5","nonvis_tru_exp_6","nonvis_tru_int_1","nonvis_tru_int_2","nonvis_tru_int_3","nonvis_tru_int_4","nonvis_tru_ben_1","nonvis_tru_ben_2","nonvis_tru_ben_3","nonvis_tru_ben_4","nonvis_tch_4","nonvis_tch_5","nonvis_tch_1","nonvis_tch_2","nonvis_tch_3"
"1",1,2019-06-07 14:38:06,2019-06-07 15:00:16,2019-06-07 15:00:16,3,2,3,3,1,2,4,1,6,7,3,1,2,5,2,3,7,6,3,1,1,4,4,3,4,4,1,4,4,2,4,3,4,1,6,4,5,4,2,4,2,4,1,7,6,5,1,4,2,4,3,3
"2",2,2019-06-08 09:08:51,2019-06-08 09:31:35,2019-06-08 09:31:35,1,2,4,1,1,3,4,3,7,3,4,6,5,4,1,4,2,5,6,7,4,2,4,1,3,3,3,1,2,4,4,3,2,2,3,4,1,5,4,6,3,3,6,7,2,6,6,2,1,2,2,-999
"3",3,2019-06-10 21:29:55,2019-06-10 21:52:14,2019-06-10 21:52:14,1,2,3,1,2,3,1,4,6,7,3,4,2,5,7,7,1,7,3,6,7,3,2,1,1,3,3,4,1,2,3,2,3,2,7,2,2,7,3,3,4,5,5,4,1,4,5,-999,-999,4,3,1
"4",4,2019-06-12 04:37:36,2019-06-12 04:59:52,2019-06-12 04:59:52,2,3,3,3,2,3,1,6,7,4,4,1,3,2,3,2,7,3,2,5,3,4,3,3,1,4,2,1,1,4,4,3,4,4,3,6,1,7,3,7,4,2,4,4,3,3,4,4,-999,2,-999,2
"5",5,2019-06-12 13:52:46,2019-06-12 14:15:15,2019-06-12 14:15:15,1,3,3,1,1,4,2,5,4,1,2,5,3,4,5,2,6,5,2,7,2,-999,4,-999,2,-999,2,2,3,3,2,2,2,5,5,3,3,7,1,2,5,4,3,4,4,5,2,4,-999,-999,1,2
"6",6,2019-06-13 00:59:21,2019-06-13 01:22:17,2019-06-13 01:22:17,3,4,1,2,1,3,1,7,2,7,7,7,1,4,3,2,5,3,7,2,3,1,3,4,4,-999,2,4,3,1,4,4,1,7,3,3,3,5,4,7,4,6,3,4,6,7,5,3,4,2,2,2
"7",7,2019-06-13 07:49:53,2019-06-13 08:13:04,2019-06-13 08:13:04,3,2,1,1,2,1,1,3,3,2,7,4,3,6,6,1,1,6,6,7,7,3,2,4,-999,4,1,1,1,3,2,3,3,7,2,6,5,7,6,3,2,6,3,5,6,6,5,2,2,-999,2,2
"8",8,2019-06-13 16:50:26,2019-06-13 17:13:19,2019-06-13 17:13:19,3,3,2,1,3,3,1,1,5,3,7,4,4,1,7,1,6,5,3,5,5,2,3,4,1,4,2,1,4,2,1,1,4,7,3,1,1,5,7,5,4,3,7,3,2,1,6,2,3,3,3,-999
"9",9,2019-06-14 08:24:45,2019-06-14 08:47:30,2019-06-14 08:47:30,1,3,2,3,3,2,3,5,4,3,4,2,7,2,3,3,7,5,6,7,2,2,4,-999,1,4,4,2,1,4,1,4,1,6,6,5,1,1,4,7,2,7,7,4,3,5,4,4,-999,2,3,3
"10",10,2019-06-14 15:28:38,2019-06-14 15:50:37,2019-06-14 15:50:37,3,2,2,2,1,3,1,5,4,7,2,7,1,7,2,4,1,6,6,5,6,-999,-999,1,3,3,2,2,4,3,1,2,4,6,6,4,4,7,4,6,6,6,4,6,7,1,6,-999,4,-999,-999,1
"11",11,2019-06-15 18:02:36,2019-06-15 18:26:31,2019-06-15 18:26:31,4,4,2,4,1,3,2,6,1,4,4,4,6,7,6,1,2,7,7,1,5,1,-999,2,2,2,3,4,4,3,3,3,3,1,3,5,7,1,7,7,2,7,5,1,1,1,1,4,4,2,2,3
"12",12,2019-06-18 01:05:52,2019-06-18 01:29:12,2019-06-18 01:29:12,1,1,3,3,1,3,1,5,1,3,6,5,5,6,3,2,1,7,5,6,3,3,-999,-999,1,-999,3,3,2,1,2,2,4,4,2,1,4,6,3,4,1,1,2,3,6,1,5,1,-999,4,-999,1
"13",13,2019-06-18 09:11:29,2019-06-18 09:34:04,2019-06-18 09:34:04,1,2,3,3,3,3,2,6,3,3,6,7,3,7,3,4,1,3,2,1,1,1,2,-999,4,1,1,3,1,3,4,3,3,3,3,6,7,7,7,5,4,7,7,6,1,6,2,2,-999,-999,4,-999
"14",14,2019-06-21 05:16:21,2019-06-21 05:38:50,2019-06-21 05:38:50,1,1,4,1,1,4,1,6,4,3,4,1,5,1,7,5,4,3,7,6,6,1,4,2,4,-999,4,4,3,4,3,2,2,7,4,1,1,7,6,7,3,6,7,6,7,2,7,-999,4,-999,3,2
"15",15,2019-06-21 08:43:35,2019-06-21 09:04:43,2019-06-21 09:04:43,3,4,2,3,2,2,3,5,2,7,6,5,6,7,1,6,6,1,2,6,6,2,-999,4,-999,4,1,2,4,3,1,3,4,3,4,1,5,6,1,5,7,2,1,5,1,3,1,2,-999,3,-999,1
"16",16,2019-06-21 21:17:27,2019-06-21 21:39:46,2019-06-21 21:39:46,1,2,4,1,2,4,4,6,2,4,3,5,7,4,1,7,2,6,7,6,5,2,4,-999,-999,1,3,1,1,2,3,3,3,5,1,2,4,2,4,1,5,5,1,1,3,1,1,3,3,4,3,1
"17",17,2019-06-23 10:38:39,2019-06-23 11:00:40,2019-06-23 11:00:40,2,4,2,1,4,3,4,5,2,2,7,3,5,7,6,7,3,5,3,4,6,2,4,4,1,-999,1,4,1,3,3,2,3,3,3,6,6,2,6,6,2,5,3,5,2,6,2,1,1,3,3,4
"18",18,2019-06-25 01:33:53,2019-06-25 01:57:42,2019-06-25 01:57:42,3,2,2,1,2,3,3,1,1,7,5,1,2,2,2,3,7,2,6,4,5,-999,1,4,4,2,2,2,4,4,4,2,4,2,3,1,6,1,7,1,4,1,3,3,2,7,3,-999,2,3,2,1
"19",19,2019-06-25 16:33:15,2019-06-25 16:55:33,2019-06-25 16:55:33,2,2,3,2,3,1,4,5,2,5,7,3,2,3,6,2,6,3,6,6,4,-999,3,1,3,3,4,3,1,2,3,2,2,6,1,3,6,7,2,2,6,4,1,6,3,5,6,1,3,2,3,4
"20",20,2019-06-26 11:58:45,2019-06-26 12:21:15,2019-06-26 12:21:15,1,2,1,2,2,2,2,3,1,4,6,1,6,7,2,5,5,2,6,5,2,-999,2,3,1,-999,1,1,3,4,4,1,1,7,4,1,6,2,3,3,3,5,7,4,1,6,7,1,-999,3,4,-999
"21",21,2019-06-27 06:12:23,2019-06-27 06:34:52,2019-06-27 06:34:52,1,4,1,4,4,3,4,4,7,5,3,7,5,6,7,2,5,3,3,4,4,3,2,3,4,4,3,3,4,3,2,1,2,1,3,1,5,1,2,6,1,2,4,4,1,3,2,1,4,4,1,4
"22",22,2019-06-29 22:49:51,2019-06-29 23:11:56,2019-06-29 23:11:56,2,2,2,4,2,1,1,4,6,2,3,7,1,5,6,5,5,1,1,6,4,1,1,2,3,4,3,4,4,2,3,3,1,6,5,1,3,3,1,5,6,4,6,7,7,2,2,4,4,4,1,4
"23",23,2019-06-29 23:59:28,2019-06-30 00:21:58,2019-06-30 00:21:58,2,4,3,1,2,1,1,3,4,1,1,6,2,7,7,2,4,4,4,7,6,1,2,3,3,4,3,2,1,3,3,2,2,2,5,3,6,5,4,7,3,4,6,4,3,3,2,2,1,4,2,4
"24",24,2019-07-03 08:10:28,2019-07-03 08:34:11,2019-07-03 08:34:11,1,2,1,2,2,2,1,6,5,2,3,7,6,1,3,7,3,2,1,6,1,3,3,4,4,1,3,1,3,1,2,4,2,5,2,7,2,2,4,7,5,4,3,2,7,4,5,1,4,3,-999,2
"25",25,2019-07-06 12:05:40,2019-07-06 12:27:11,2019-07-06 12:27:11,2,1,2,2,4,4,4,6,6,1,5,5,6,6,4,1,6,5,1,2,2,2,3,1,2,1,1,3,3,3,2,2,2,6,1,2,6,1,4,2,4,7,2,3,2,5,6,4,4,1,-999,4
"26",26,2019-07-06 18:19:21,2019-07-06 18:41:17,2019-07-06 18:41:17,4,4,1,1,2,2,1,7,2,3,1,2,6,6,4,2,3,1,2,3,1,4,3,2,2,2,4,4,4,1,1,2,4,2,3,7,6,3,3,1,1,3,6,1,3,4,5,3,-999,1,1,-999
"27",27,2019-07-07 01:14:15,2019-07-07 01:36:19,2019-07-07 01:36:19,3,3,1,3,2,3,2,7,5,3,4,7,3,6,6,1,7,2,5,6,4,4,-999,4,1,-999,1,2,4,2,3,2,2,3,1,3,5,3,2,7,3,2,2,2,3,6,7,3,2,4,2,1
"28",28,2019-07-08 17:17:16,2019-07-08 17:39:40,2019-07-08 17:39:40,4,1,2,1,4,1,2,1,1,2,4,2,1,1,2,1,5,7,1,4,6,3,1,-999,4,4,3,3,4,3,3,4,2,4,5,6,4,6,1,1,1,2,7,3,2,7,2,-999,1,3,2,2
"29",29,2019-07-09 00:54:48,2019-07-09 01:16:47,2019-07-09 01:16:47,3,1,2,1,1,2,4,2,2,2,3,1,2,5,7,7,3,6,2,6,2,1,2,1,1,-999,1,2,4,1,1,1,2,6,3,5,6,6,5,1,4,5,4,1,4,3,1,1,3,1,4,1
"30",30,2019-07-09 19:10:01,2019-07-09 19:31:58,2019-07-09 19:31:58,3,1,1,4,2,1,4,5,5,5,7,5,2,7,7,7,3,3,4,4,3,-999,1,2,4,1,2,4,3,4,3,2,1,4,1,6,7,1,7,7,4,2,7,6,4,7,3,4,2,3,4,-999
"31",31,2019-07-10 18:53:31,2019-07-10 19:16:46,2019-07-10 19:16:46,2,4,4,2,1,3,2,4,6,7,4,7,2,3,2,6,6,2,7,2,2,3,-999,1,3,4,3,1,4,4,4,3,1,7,4,4,7,2,4,1,6,3,6,2,1,4,5,3,1,4,4,2
"32",32,2019-07-10 20:07:09,2019-07-10 20:30:00,2019-07-10 20:30:00,4,1,4,4,3,3,2,1,4,3,4,3,4,1,3,3,2,4,5,1,5,-999,4,3,-999,3,2,1,3,1,3,3,4,6,3,1,5,4,2,4,4,3,5,4,5,7,4,2,1,-999,-999,2
"33",33,2019-07-15 09:34:59,2019-07-15 09:57:42,2019-07-15 09:57:42,4,3,1,1,4,2,2,4,6,2,6,7,7,7,3,2,4,3,2,1,7,1,3,2,1,1,4,2,4,3,4,2,4,2,2,2,3,1,1,1,5,3,2,7,7,5,7,3,4,2,2,-999
"34",34,2019-07-16 07:18:06,2019-07-16 07:40:03,2019-07-16 07:40:03,3,1,3,4,1,3,4,4,6,4,5,6,5,7,5,6,4,1,1,6,6,1,4,4,1,2,2,2,1,3,2,2,3,5,5,5,2,2,1,7,3,1,2,1,2,6,6,3,3,4,1,4
"35",35,2019-07-16 21:38:07,2019-07-16 22:00:55,2019-07-16 22:00:55,3,4,3,4,3,2,1,5,5,7,3,4,7,3,5,3,4,7,4,6,6,4,3,-999,3,2,2,1,3,4,1,3,1,4,4,5,1,7,5,1,7,2,2,7,7,5,6,4,4,1,1,3
"36",36,2019-07-17 01:26:47,2019-07-17 01:49:51,2019-07-17 01:49:51,1,3,1,2,1,4,3,5,1,3,5,3,4,5,7,3,5,3,4,4,4,1,3,1,4,-999,1,4,4,2,4,4,2,7,1,6,7,7,2,7,2,6,4,4,3,4,3,1,4,3,1,4
"37",37,2019-07-17 21:24:36,2019-07-17 21:47:10,2019-07-17 21:47:10,4,2,4,2,1,4,1,2,1,2,1,2,2,4,1,4,2,4,7,3,6,2,3,4,-999,-999,1,2,3,1,2,3,4,2,6,5,5,5,3,3,3,7,1,3,3,4,2,2,1,1,2,2
"38",38,2019-07-17 23:27:07,2019-07-17 23:49:37,2019-07-17 23:49:37,4,3,1,4,4,1,1,5,4,4,5,5,7,6,6,7,6,5,6,5,5,-999,2,1,3,1,1,2,1,1,1,2,4,6,7,4,3,1,6,6,5,3,7,1,4,2,2,2,1,2,4,1
"39",39,2019-07-18 06:48:22,2019-07-18 07:10:27,2019-07-18 07:10:27,2,4,1,2,2,2,4,7,4,3,7,7,4,5,1,1,4,1,5,6,7,4,4,3,-999,1,1,4,1,3,3,3,1,6,6,6,2,5,3,3,6,3,2,4,5,6,1,-999,3,-999,-999,4
"40",40,2019-07-18 08:55:02,2019-07-18 09:17:33,2019-07-18 09:17:33,3,4,4,1,3,3,3,3,4,6,6,7,1,3,3,1,2,5,6,6,7,3,2,3,4,2,3,1,1,1,4,3,2,1,3,5,4,5,6,6,4,1,7,7,5,2,6,4,3,1,4,3
"41",41,2019-07-19 04:54:55,2019-07-19 05:18:21,2019-07-19 05:18:21,4,4,1,2,1,2,1,6,2,5,3,6,2,7,7,2,6,4,6,7,2,3,1,4,2,3,1,2,3,4,3,4,4,6,3,3,5,4,3,3,5,4,6,2,2,3,5,-999,2,3,-999,-999
"42",42,2019-07-19 06:01:30,2019-07-19 06:23:58,2019-07-19 06:23:58,4,2,4,2,1,1,2,1,7,5,7,5,1,5,1,2,2,2,4,7,4,-999,2,4,-999,1,3,1,1,3,4,3,1,2,4,1,7,4,5,5,6,7,1,2,5,4,4,-999,4,-999,3,1
"43",43,2019-07-21 04:52:17,2019-07-21 05:13:55,2019-07-21 05:13:55,4,1,3,3,4,1,3,4,4,5,2,4,1,1,3,7,1,3,3,4,3,4,4,2,-999,-999,2,4,3,4,4,3,4,4,7,1,3,4,3,7,4,4,1,3,7,1,3,4,4,2,-999,4
"44",44,2019-07-21 15:20:42,2019-07-21 15:43:14,2019-07-21 15:43:14,3,3,2,1,1,1,1,4,1,5,1,5,6,3,5,2,6,1,4,3,4,2,4,4,2,2,2,3,2,3,1,4,2,1,7,3,3,5,2,7,2,6,3,5,1,6,4,1,2,3,1,1
"45",45,2019-07-22 05:36:58,2019-07-22 06:00:13,2019-07-22 06:00:13,3,3,1,4,2,1,2,1,6,6,5,3,6,3,7,5,4,2,6,1,6,4,2,-999,-999,-999,3,3,2,3,3,1,2,2,2,4,5,3,4,1,4,7,2,4,7,1,5,4,3,3,3,2
"46",46,2019-07-22 12:50:49,2019-07-22 13:12:57,2019-07-22 13:12:57,3,2,2,4,4,4,1,2,7,7,3,4,5,2,3,2,2,2,2,5,3,-999,3,2,2,-999,2,1,2,2,4,2,4,6,5,1,4,7,3,2,4,2,2,3,5,2,7,3,4,3,1,1
"47",47,2019-07-23 14:53:56,2019-07-23 15:17:16,2019-07-23 15:17:16,2,3,2,1,1,4,1,3,2,5,5,7,3,2,4,2,7,1,2,4,2,2,2,4,4,-999,4,4,1,3,3,4,1,1,2,3,7,3,2,7,7,4,4,6,7,6,3,4,-999,3,2,-999
"48",48,2019-07-24 00:04:42,2019-07-24 00:27:35,2019-07-24 00:27:35,1,3,3,3,2,2,3,5,5,6,6,1,7,7,1,6,5,6,3,4,2,3,2,1,-999,4,1,1,3,3,2,1,3,7,2,3,4,1,2,1,3,7,2,2,2,1,7,4,4,3,2,1
"49",49,2019-07-24 22:59:35,2019-07-24 23:23:29,2019-07-24 23:23:29,3,2,3,1,2,4,3,7,6,4,1,6,7,7,6,5,1,7,7,1,3,-999,2,4,4,4,2,4,3,1,2,4,4,7,4,2,1,3,2,1,3,7,5,7,7,7,2,4,2,2,4,2
"50",50,2019-07-25 15:17:57,2019-07-25 15:39:22,2019-07-25 15:39:22,3,2,4,3,1,1,2,5,1,5,3,3,2,2,1,2,5,3,7,3,6,4,4,-999,-999,3,2,4,1,3,2,3,1,4,2,3,2,5,7,6,3,7,3,4,2,4,7,3,3,4,-999,2
"51",51,2019-07-25 21:18:22,2019-07-25 21:40:07,2019-07-25 21:40:07,3,4,1,2,3,3,2,3,2,4,5,7,4,5,4,5,5,2,6,3,4,4,4,-999,1,2,2,3,4,2,4,3,3,6,4,2,1,3,3,7,5,2,5,7,5,3,1,1,4,-999,2,2
"52",52,2019-07-25 23:14:14,2019-07-25 23:36:37,2019-07-25 23:36:37,2,1,4,2,4,3,2,3,1,7,2,1,6,6,2,7,5,1,7,7,2,1,4,-999,-999,-999,2,3,3,1,2,3,2,4,4,4,4,4,7,2,6,7,2,5,1,2,5,2,1,1,2,4
"53",53,2019-07-28 19:23:02,2019-07-28 19:45:41,2019-07-28 19:45:41,1,4,3,3,4,3,3,4,1,7,3,6,2,7,7,4,3,7,6,2,3,3,-999,-999,1,2,4,1,3,1,2,2,1,1,2,6,4,7,2,4,4,6,1,4,7,6,1,2,3,4,-999,-999
"54",54,2019-07-31 04:50:11,2019-07-31 05:11:55,2019-07-31 05:11:55,1,3,3,3,2,2,3,4,3,4,5,5,2,5,7,2,4,5,4,7,4,1,-999,2,-999,3,3,2,1,2,4,2,2,1,3,5,2,7,5,4,6,3,6,7,2,3,4,1,4,3,4,1
"55",55,2019-07-31 16:21:10,2019-07-31 16:43:12,2019-07-31 16:43:12,4,2,2,3,1,2,1,4,2,3,1,2,7,1,1,2,3,6,7,2,5,3,-999,-999,2,4,2,1,4,4,3,3,3,3,5,6,7,7,4,1,3,3,6,4,6,7,1,3,2,2,2,2
"56",56,2019-07-31 21:20:05,2019-07-31 21:43:23,2019-07-31 21:43:23,1,4,3,1,3,4,1,2,6,2,7,5,4,1,1,6,3,3,4,6,7,-999,2,-999,4,4,1,3,1,3,4,1,4,1,1,4,2,5,3,6,6,5,6,3,1,7,2,4,-999,2,2,2
"57",57,2019-08-02 11:59:52,2019-08-02 12:22:35,2019-08-02 12:22:35,2,1,4,3,4,2,2,7,4,5,2,6,2,6,2,4,5,2,2,3,3,2,2,1,4,2,4,4,4,3,1,4,2,6,2,4,4,1,2,2,1,2,6,6,5,2,7,-999,-999,4,2,-999
"58",58,2019-08-03 03:51:52,2019-08-03 04:14:45,2019-08-03 04:14:45,2,2,3,4,3,4,1,3,2,3,5,3,4,7,4,3,7,4,3,5,6,1,-999,2,2,2,4,3,3,3,1,1,4,6,6,5,6,6,4,1,4,3,2,1,4,2,5,1,3,3,2,4
"59",59,2019-08-03 11:51:20,2019-08-03 12:14:08,2019-08-03 12:14:08,3,3,1,3,2,4,2,4,1,5,5,3,3,1,7,2,6,5,7,3,5,4,2,2,-999,3,4,4,3,3,3,4,1,4,6,4,6,6,1,3,7,6,1,3,7,4,1,4,4,4,1,1
"60",60,2019-08-04 13:16:28,2019-08-04 13:39:00,2019-08-04 13:39:00,1,3,3,3,4,1,1,2,4,3,1,5,7,2,6,2,7,6,2,4,1,-999,3,3,3,1,4,1,2,1,3,3,1,6,2,5,4,1,5,6,4,3,1,7,2,6,6,4,4,3,3,2
"61",61,2019-08-06 06:14:12,2019-08-06 06:36:27,2019-08-06 06:36:27,4,1,4,1,3,4,3,6,6,2,1,3,2,2,5,3,3,3,6,7,2,2,-999,2,-999,4,3,2,1,3,3,1,3,5,7,1,4,5,1,4,6,2,3,2,6,2,1,1,-999,-999,3,2
"62",62,2019-08-06 09:06:25,2019-08-06 09:27:54,2019-08-06 09:27:54,1,3,3,2,3,3,4,4,1,3,2,2,2,4,6,6,6,7,7,5,5,1,4,2,2,-999,4,1,1,4,2,2,4,7,6,6,2,4,5,3,3,7,6,1,4,3,3,1,-999,3,1,1
"63",63,2019-08-07 19:01:31,2019-08-07 19:25:20,2019-08-07 19:25:20,3,2,3,2,2,4,2,3,2,3,1,5,6,3,3,3,6,7,5,3,1,3,3,4,3,2,2,1,3,1,4,3,4,5,6,5,4,2,5,6,7,3,1,4,6,5,2,1,-999,-999,4,3
"64",64,2019-08-07 22:12:45,2019-08-07 22:34:10,2019-08-07 22:34:10,4,1,2,4,2,2,2,1,7,4,4,6,1,6,4,3,6,5,4,6,3,4,4,4,-999,-999,2,2,2,3,4,3,3,5,5,4,4,4,1,6,2,5,1,7,4,1,5,3,1,1,3,3
"65",65,2019-08-10 03:42:46,2019-08-10 04:05:06,2019-08-10 04:05:06,4,3,2,3,1,2,2,1,3,6,6,7,4,5,1,7,2,6,3,3,3,2,2,2,2,1,3,4,2,3,1,2,4,5,5,6,3,3,4,7,1,3,5,5,4,2,2,2,4,4,2,3
"66",66,2019-08-13 07:27:24,2019-08-13 07:50:13,2019-08-13 07:50:13,2,3,3,2,1,3,3,6,6,7,3,3,4,2,5,4,3,6,6,3,3,3,-999,4,4,3,3,2,4,2,1,2,3,2,6,6,6,5,5,2,7,4,1,6,3,7,4,3,3,3,1,1
"67",67,2019-08-14 19:12:28,2019-08-14 19:35:12,2019-08-14 19:35:12,4,3,1,4,2,1,2,2,2,4,6,4,4,6,7,3,6,2,7,1,2,-999,3,3,1,1,4,1,3,2,1,1,2,6,1,7,3,5,6,7,4,5,5,4,5,7,4,2,2,4,1,4
"68",68,2019-08-19 02:58:54,2019-08-19 03:21:54,2019-08-19 03:21:54,1,2,3,1,4,4,1,7,7,6,4,7,5,6,1,5,3,1,3,7,5,4,4,-999,-999,2,2,3,4,2,4,3,1,4,6,3,6,7,7,2,2,3,7,7,3,3,4,2,-999,-999,1,1
"69",69,2019-08-22 10:46:12,2019-08-22 11:08:38,2019-08-22 11:08:38,2,2,4,2,2,4,2,5,3,3,3,3,7,4,4,2,5,1,1,3,2,-999,2,-999,4,-999,2,4,4,2,1,3,3,7,2,4,5,6,4,1,4,3,7,2,4,6,5,2,1,2,4,1
"70",70,2019-08-22 23:36:01,2019-08-22 23:59:08,2019-08-22 23:59:08,1,4,1,1,4,3,4,2,7,6,4,4,4,5,5,2,7,4,3,4,5,3,4,-999,2,4,1,3,3,2,2,3,1,2,7,4,5,1,4,1,3,3,3,5,7,6,5,3,3,4,4,2
"71",71,2019-08-23 09:30:37,2019-08-23 09:54:08,2019-08-23 09:54:08,2,4,1,1,2,4,2,4,5,1,2,3,3,3,4,5,5,5,2,7,2,4,2,3,4,4,2,4,4,4,3,4,1,1,2,4,3,6,1,5,5,4,1,6,7,4,5,1,4,3,-999,-999
"72",72,2019-08-27 16:32:15,2019-08-27 16:55:24,2019-08-27 16:55:24,4,4,1,2,4,1,2,1,6,5,5,1,2,2,3,1,4,6,7,3,1,2,2,3,1,4,2,2,1,2,4,3,1,7,6,6,1,7,1,4,7,7,5,4,2,1,4,1,3,1,2,2
"73",73,2019-08-28 19:49:57,2019-08-28 20:11:27,2019-08-28 20:11:27,3,2,4,1,4,3,2,3,5,4,7,2,3,5,3,5,5,3,3,1,3,1,1,-999,1,3,2,4,3,1,3,2,3,2,2,3,7,3,7,6,3,3,3,6,1,6,7,1,4,2,-999,2
"74",74,2019-09-01 01:04:33,2019-09-01 01:27:07,2019-09-01 01:27:07,4,4,2,2,3,1,1,4,4,7,4,5,3,6,2,6,3,4,1,2,2,4,1,-999,4,4,1,1,2,4,4,2,1,3,3,2,5,5,6,6,6,2,1,7,1,5,2,3,3,1,4,1
"75",75,2019-09-03 16:57:13,2019-09-03 17:21:03,2019-09-03 17:21:03,3,2,2,3,4,2,4,1,6,3,2,3,2,7,1,5,5,3,2,4,7,1,1,4,3,2,1,2,4,2,1,4,4,6,2,5,7,2,6,5,6,4,3,5,7,5,4,1,4,4,1,1
"76",76,2019-09-03 18:05:04,2019-09-03 18:28:17,2019-09-03 18:28:17,1,3,1,1,1,4,4,4,6,2,5,2,5,6,5,6,7,4,4,5,2,-999,4,1,3,3,4,3,2,3,1,1,1,1,4,4,7,6,5,5,6,4,4,7,7,1,3,1,4,4,1,1
"77",77,2019-09-04 18:28:23,2019-09-04 18:50:42,2019-09-04 18:50:42,2,4,4,1,2,4,2,4,4,5,4,2,1,6,3,4,2,5,7,5,4,4,1,4,4,4,3,1,3,2,1,1,1,1,1,3,1,6,5,2,3,5,6,6,3,7,4,2,2,2,2,2
"78",78,2019-09-05 07:16:17,2019-09-05 07:39:22,2019-09-05 07:39:22,1,2,1,3,4,4,3,5,5,5,6,3,3,3,4,4,4,7,6,6,4,3,-999,3,2,-999,2,4,1,3,1,1,3,5,5,4,2,7,5,4,5,7,6,1,7,1,7,3,1,2,-999,4
"79",79,2019-09-05 10:25:18,2019-09-05 10:48:20,2019-09-05 10:48:20,2,3,3,4,1,3,2,1,1,1,2,7,5,5,3,7,3,6,1,3,7,1,-999,4,4,-999,3,1,3,1,2,2,3,5,4,6,7,6,7,1,1,2,5,7,7,4,5,2,2,2,4,1
"80",80,2019-09-05 16:22:07,2019-09-05 16:44:40,2019-09-05 16:44:40,1,4,3,1,2,2,3,6,5,4,4,3,6,4,5,3,2,5,5,6,1,-999,3,-999,2,-999,1,4,2,1,3,3,4,6,4,2,4,5,5,4,3,3,6,6,4,1,5,3,4,4,2,2
"81",81,2019-09-06 00:49:10,2019-09-06 01:11:25,2019-09-06 01:11:25,2,3,3,4,4,1,3,4,4,3,5,5,7,7,1,1,1,2,4,4,2,1,3,2,-999,2,4,1,1,3,4,2,2,3,2,7,5,1,4,2,3,3,7,2,5,4,3,3,4,4,4,-999
"82",82,2019-09-06 08:08:59,2019-09-06 08:31:56,2019-09-06 08:31:56,4,4,1,4,3,2,1,3,1,6,7,2,7,5,3,3,6,7,1,4,3,-999,-999,3,3,-999,4,2,4,2,4,1,1,7,2,5,3,7,1,7,5,7,1,4,3,4,7,-999,3,1,-999,1
"83",83,2019-09-08 11:43:33,2019-09-08 12:05:10,2019-09-08 12:05:10,1,4,3,1,1,3,2,1,6,4,7,1,1,6,2,6,4,4,6,5,1,2,-999,4,2,2,1,1,2,3,2,4,1,2,3,1,1,7,5,2,6,2,4,3,5,6,3,-999,1,2,2,3
"84",84,2019-09-09 19:21:30,2019-09-09 19:43:55,2019-09-09 19:43:55,1,2,4,1,1,1,3,1,3,4,3,5,2,5,7,4,2,1,6,5,5,4,2,1,3,-999,1,4,4,4,4,2,2,1,5,7,7,3,4,6,3,5,1,2,1,2,1,-999,3,-999,-999,1
"85",85,2019-09-10 07:38:33,2019-09-10 08:00:46,2019-09-10 08:00:46,3,1,2,1,3,2,4,6,4,6,4,5,2,3,1,3,5,5,2,1,2,3,1,1,3,3,1,2,3,2,3,4,3,4,4,7,6,2,6,4,4,6,6,1,2,3,5,1,2,2,3,4
"86",86,2019-09-12 08:56:11,2019-09-12 09:17:55,2019-09-12 09:17:55,4,2,1,4,3,2,2,5,1,3,7,4,1,2,2,6,1,3,1,3,5,-999,4,2,1,2,2,3,1,1,2,1,3,7,7,4,5,5,6,3,2,1,5,5,3,6,1,3,-999,3,-999,3
"87",87,2019-09-13 09:23:28,2019-09-13 09:45:43,2019-09-13 09:45:43,3,4,2,1,4,4,2,6,1,6,4,2,2,7,6,5,5,1,4,5,2,2,4,1,2,-999,3,2,1,3,1,3,4,7,1,3,1,3,6,7,6,7,1,2,3,1,1,4,-999,3,-999,3
"88",88,2019-09-14 11:47:45,2019-09-14 12:10:18,2019-09-14 12:10:18,3,4,3,2,4,4,3,2,6,1,7,6,7,2,1,5,3,3,6,5,5,4,3,1,-999,3,1,3,3,3,4,1,3,1,1,5,4,7,6,5,5,1,2,6,1,7,1,1,4,3,4,-999
"89",89,2019-09-16 01:56:20,2019-09-16 02:19:39,2019-09-16 02:19:39,3,1,3,4,1,4,3,6,1,1,3,7,3,7,2,3,7,7,5,6,2,1,1,3,1,2,4,4,4,1,3,4,4,2,3,3,1,3,7,4,2,2,4,2,7,2,7,2,1,2,3,-999
"90",90,2019-09-18 07:51:12,2019-09-18 08:13:37,2019-09-18 08:13:37,4,3,4,2,4,4,4,1,5,6,7,5,3,7,2,3,6,5,3,5,1,2,3,3,-999,2,3,2,4,4,3,3,3,4,7,3,7,5,4,1,1,7,4,6,3,5,5,4,-999,-999,2,3
"91",91,2019-09-19 00:45:10,2019-09-19 01:07:06,2019-09-19 01:07:06,2,2,2,2,3,1,4,4,6,5,5,5,7,5,7,7,5,3,6,4,5,1,1,4,1,-999,4,3,3,4,2,3,2,3,3,5,1,6,1,2,6,5,4,4,1,2,1,4,-999,3,1,-999
"92",92,2019-09-19 18:32:09,2019-09-19 18:53:54,2019-09-19 18:53:54,4,4,4,2,4,3,1,1,7,7,3,6,3,1,3,2,2,3,1,1,3,2,3,3,1,3,2,1,4,4,3,3,1,7,3,3,6,3,1,1,1,4,6,7,1,5,6,2,4,2,4,1
"93",93,2019-09-21 08:08:48,2019-09-21 08:30:23,2019-09-21 08:30:23,3,3,2,4,4,1,4,5,3,6,2,3,1,3,5,1,3,7,2,6,6,2,-999,3,1,3,1,4,4,3,2,2,3,3,5,2,2,7,5,2,4,6,4,1,3,5,2,1,2,3,1,1
"94",94,2019-09-21 12:11:25,2019-09-21 12:33:46,2019-09-21 12:33:46,2,3,3,3,2,4,1,4,2,7,7,6,1,6,2,6,1,3,5,7,1,2,4,2,3,4,4,4,1,1,2,1,1,6,4,4,7,3,3,2,6,3,1,6,5,3,3,1,3,3,-999,4
"95",95,2019-09-25 09:15:33,2019-09-25 09:37:37,2019-09-25 09:37:37,3,2,1,3,3,3,1,1,3,6,7,3,7,4,2,7,4,3,4,6,7,4,2,1,2,-999,2,3,3,1,2,4,3,6,5,6,1,3,2,5,6,4,5,4,1,1,5,1,3,2,1,-999
"96",96,2019-09-26 09:19:30,2019-09-26 09:42:39,2019-09-26 09:42:39,2,1,2,2,4,1,4,5,3,7,2,3,6,5,3,6,7,7,3,6,4,3,2,1,4,-999,2,3,1,3,1,2,1,7,6,7,4,4,1,6,1,6,7,2,4,6,2,1,2,3,2,-999
"97",97,2019-09-30 02:42:47,2019-09-30 03:05:47,2019-09-30 03:05:47,1,4,2,1,1,1,1,7,1,6,2,4,1,7,5,1,1,1,6,5,5,2,-999,4,-999,1,1,3,2,4,2,4,4,2,1,5,1,4,6,3,1,6,6,4,2,4,2,3,3,-999,3,2
"98",98,2019-09-30 04:52:58,2019-09-30 05:15:18,2019-09-30 05:15:18,4,2,2,1,1,1,3,4,2,5,5,2,6,3,7,1,6,5,5,6,7,1,-999,4,4,2,4,2,1,1,4,3,3,2,7,2,7,4,6,2,5,3,4,3,1,4,4,1,-999,2,4,-999
"99",99,2019-09-30 07:27:01,2019-09-30 07:49:08,2019-09-30 07:49:08,4,2,2,2,2,2,4,7,6,7,2,6,6,7,7,3,1,7,7,1,4,-999,3,1,4,1,2,3,1,2,2,2,3,6,6,5,6,6,2,1,6,2,3,1,6,6,3,1,2,2,4,3
"100",100,2019-09-30 08:27:17,2019-09-30 08:50:09,2019-09-30 08:50:09,4,3,3,4,2,1,3,5,1,6,6,6,5,2,1,4,5,5,2,4,5,4,1,2,4,1,3,4,1,1,3,1,2,7,4,6,2,6,7,5,3,3,1,4,5,6,1,-999,1,-999,2,-999
